,PLAYER_ID,LEAGUE_ID,ORGANIZATION_ID,GP,GS,MIN,FGM,FGA,FG_PCT,FG3M,FG3A,FG3_PCT,FTM,FTA,FT_PCT,OREB,DREB,REB,AST,STL,BLK,TOV,PF,PTS
0,203112.0,00,0.0,139.0,66.0,25.1,3.6,6.0,0.602,0.0,0.1,0.429,2.5,3.6,0.708,2.2,3.8,6.0,0.6,0.7,1.3,1.5,2.6,9.8
0,203500.0,00,0.0,32.0,32.0,23.4,3.1,5.5,0.571,0.0,0.0,,1.0,2.2,0.443,2.8,3.5,6.3,0.6,0.7,2.0,1.1,1.6,7.2
0,1628389.0,00,0.0,38.0,38.0,30.1,4.5,7.5,0.599,0.0,0.0,0.0,4.1,6.2,0.653,3.1,4.9,8.0,0.8,0.7,1.5,1.7,2.6,13.0
0,201167.0,00,0.0,104.0,103.0,32.7,5.0,10.9,0.457,2.0,5.4,0.373,2.8,3.6,0.781,0.6,2.8,3.5,1.9,0.6,0.2,2.0,2.1,14.8
0,202332.0,00,0.0,111.0,71.0,21.0,3.5,6.1,0.574,0.0,0.0,,2.3,3.2,0.729,2.3,5.5,7.7,0.6,0.5,2.3,1.2,2.1,9.4
0,200746.0,00,0.0,53.0,53.0,30.2,5.2,8.9,0.586,0.0,0.0,,3.0,4.7,0.649,3.4,4.8,8.2,0.6,1.3,1.8,1.6,2.7,13.5
0,1628386.0,00,0.0,33.0,33.0,32.2,5.4,9.6,0.566,0.0,0.2,0.0,2.5,4.5,0.564,3.0,5.4,8.5,0.8,0.6,1.5,2.5,2.1,13.4
0,2754.0,00,0.0,67.0,62.0,31.4,5.5,11.5,0.477,0.8,2.2,0.347,3.5,5.2,0.682,1.7,3.7,5.5,2.9,2.0,0.8,2.8,2.9,15.3
0,202329.0,00,0.0,62.0,60.0,30.1,5.0,10.6,0.476,0.4,1.7,0.238,3.9,5.7,0.687,3.3,6.1,9.4,1.4,1.2,1.3,2.9,2.8,14.4
0,1626147.0,00,0.0,98.0,45.0,24.1,2.9,6.8,0.43,1.0,2.8,0.357,2.0,2.7,0.752,0.8,2.7,3.5,1.8,0.6,0.9,1.3,1.4,8.9
0,203937.0,00,0.0,71.0,70.0,31.6,4.3,9.4,0.452,0.5,1.4,0.375,3.1,4.3,0.736,1.7,7.0,8.7,5.0,1.8,0.8,2.6,1.9,12.2
0,201583.0,00,0.0,66.0,66.0,33.0,6.3,13.1,0.484,1.8,4.7,0.396,4.2,5.0,0.841,2.7,6.3,9.0,1.0,0.5,0.5,1.8,2.5,18.7
0,1628387.0,00,0.0,29.0,29.0,13.0,2.0,3.5,0.564,0.0,0.0,,0.8,1.5,0.535,1.4,2.6,4.0,0.2,0.2,1.2,0.8,2.5,4.7
0,2546.0,00,0.0,35.0,35.0,36.4,7.9,17.5,0.453,1.6,4.7,0.337,4.8,6.8,0.706,2.9,7.1,10.0,2.2,1.6,0.9,2.2,2.2,22.2
0,1628384.0,00,0.0,50.0,50.0,17.4,2.7,4.8,0.563,0.5,1.5,0.365,0.9,1.8,0.522,1.4,2.1,3.5,0.8,1.0,0.9,1.1,1.7,6.8
0,2772.0,00,0.0,25.0,23.0,31.6,4.3,10.0,0.426,0.7,3.0,0.237,2.3,4.5,0.504,2.4,4.0,6.5,2.1,1.7,0.4,3.2,2.8,11.6
0,201589.0,00,0.0,78.0,46.0,21.9,4.7,8.7,0.541,0.0,0.2,0.118,1.8,2.7,0.676,2.2,3.3,5.5,0.6,0.7,1.4,1.6,2.8,11.3
0,201571.0,00,0.0,73.0,73.0,36.5,5.4,12.2,0.443,1.6,4.1,0.402,4.4,5.5,0.808,0.6,2.3,2.9,6.2,1.4,0.0,3.0,1.9,16.9
0,202337.0,00,0.0,68.0,68.0,34.9,6.5,13.6,0.48,1.1,2.6,0.421,5.2,5.8,0.893,2.0,6.2,8.1,1.8,0.9,0.8,2.1,2.2,19.4
0,1628407.0,00,0.0,69.0,69.0,28.8,6.1,13.5,0.449,1.3,4.1,0.312,3.1,4.2,0.733,1.2,3.8,5.0,1.6,1.0,0.1,2.1,1.9,16.5
0,1627758.0,00,0.0,125.0,120.0,30.4,4.2,9.6,0.433,1.9,5.2,0.369,2.8,3.5,0.801,0.8,3.4,4.2,2.8,1.3,0.6,1.4,1.7,13.1
0,1627735.0,00,0.0,35.0,24.0,28.8,2.9,6.5,0.439,1.2,2.8,0.439,2.4,3.0,0.802,0.5,3.7,4.1,4.4,1.4,0.1,1.9,2.5,9.4
0,1628366.0,00,0.0,36.0,36.0,35.1,5.3,9.5,0.551,2.2,5.4,0.412,1.8,2.7,0.673,0.9,5.1,6.0,7.6,1.8,0.8,2.5,1.8,14.6
0,200826.0,00,0.0,113.0,112.0,33.3,6.9,17.1,0.404,2.3,7.0,0.321,4.2,5.5,0.764,0.8,3.0,3.9,6.4,1.6,0.0,3.8,2.6,20.3
0,203084.0,00,0.0,75.0,73.0,29.3,5.9,13.6,0.431,1.5,4.4,0.349,3.1,4.3,0.734,2.0,3.5,5.5,1.3,0.9,0.4,1.9,1.9,16.4
0,203115.0,00,0.0,70.0,59.0,32.9,5.7,12.0,0.471,1.1,3.6,0.299,2.7,3.7,0.733,1.7,4.8,6.5,2.9,1.5,0.6,2.3,2.2,15.2
0,201573.0,00,0.0,30.0,30.0,35.7,5.8,12.6,0.458,2.0,4.8,0.407,6.2,7.4,0.839,0.4,2.3,2.7,4.0,1.0,0.1,3.0,2.2,19.7
0,203382.0,00,0.0,122.0,86.0,22.0,3.2,5.9,0.546,0.0,0.0,0.333,2.3,3.2,0.698,1.7,3.6,5.4,0.3,0.3,0.8,1.2,2.4,8.7
0,203145.0,00,0.0,140.0,103.0,26.3,3.7,8.3,0.447,0.7,2.1,0.334,2.0,3.5,0.581,1.4,3.2,4.6,2.7,1.8,0.5,2.3,2.2,10.1
0,203078.0,00,0.0,37.0,37.0,34.2,4.7,10.6,0.445,1.7,5.0,0.339,3.6,4.7,0.769,1.4,5.4,6.7,2.2,1.4,0.8,2.1,2.1,14.8
0,1627736.0,00,0.0,34.0,33.0,29.8,5.4,11.6,0.471,1.6,4.2,0.387,3.1,3.8,0.813,1.3,4.0,5.3,1.5,0.9,0.2,1.7,2.2,15.6
0,201563.0,00,0.0,33.0,33.0,31.5,9.3,17.5,0.532,1.1,2.9,0.379,6.5,8.5,0.774,4.0,8.4,12.4,1.2,1.3,1.6,2.9,2.6,26.2
0,1628395.0,00,0.0,26.0,26.0,11.6,1.6,3.7,0.442,0.3,1.2,0.281,0.5,0.8,0.65,0.7,2.5,3.2,0.6,0.3,0.4,0.7,1.5,4.1
0,1627761.0,00,0.0,101.0,100.0,36.1,5.7,12.6,0.457,1.2,3.8,0.312,3.1,4.9,0.628,1.4,5.3,6.7,3.6,1.4,0.8,2.5,2.5,15.7
0,1627733.0,00,0.0,38.0,3.0,12.9,1.6,3.7,0.423,0.7,2.0,0.338,0.6,0.8,0.719,0.8,1.7,2.5,0.7,0.5,0.8,0.6,2.3,4.4
0,201976.0,00,0.0,70.0,67.0,34.1,4.1,9.7,0.42,2.0,5.2,0.382,2.8,3.9,0.73,1.2,4.4,5.5,2.8,1.5,0.4,2.0,2.3,13.0
0,203920.0,00,0.0,69.0,53.0,25.4,3.0,5.7,0.531,0.0,0.0,,2.8,4.2,0.668,3.1,4.7,7.8,0.8,0.6,3.1,1.2,2.2,8.9
0,204028.0,00,0.0,135.0,75.0,20.7,3.3,5.3,0.614,0.0,0.0,0.0,1.8,3.3,0.555,2.0,2.7,4.7,0.3,0.6,1.1,1.2,3.1,8.4
0,202339.0,00,0.0,37.0,35.0,30.3,3.9,8.4,0.462,1.3,3.5,0.383,2.2,3.3,0.667,0.5,2.6,3.1,2.9,1.4,0.3,3.0,2.2,11.3
0,203505.0,00,0.0,106.0,80.0,25.7,3.3,7.7,0.429,0.5,1.8,0.277,2.1,3.0,0.704,1.0,2.5,3.5,2.0,1.0,0.1,2.0,1.7,9.3
0,101106.0,00,0.0,68.0,68.0,32.7,6.6,10.9,0.603,0.2,0.5,0.361,3.2,4.7,0.674,3.5,7.6,11.1,2.3,0.7,1.6,2.7,2.3,16.6
0,1627762.0,00,0.0,130.0,91.0,28.8,3.8,7.2,0.528,0.3,0.7,0.371,3.6,5.0,0.713,3.2,6.9,10.1,0.7,0.6,1.4,2.0,2.3,11.4
0,1626164.0,00,0.0,38.0,0.0,21.5,3.6,7.6,0.47,1.5,3.7,0.411,1.4,1.7,0.828,0.4,1.6,2.0,1.1,0.4,0.1,1.0,1.5,10.0
0,202344.0,00,0.0,134.0,134.0,28.4,5.1,9.2,0.559,0.2,0.5,0.324,2.4,3.9,0.624,3.0,4.9,7.9,1.7,1.1,1.9,1.9,2.3,12.9
0,202340.0,00,0.0,34.0,32.0,29.5,4.7,10.8,0.432,1.2,3.3,0.375,1.1,1.9,0.545,1.0,1.9,2.9,2.1,1.3,0.5,1.5,2.4,11.6
0,1628396.0,00,0.0,38.0,38.0,14.6,2.7,4.7,0.573,0.0,0.0,,1.7,2.8,0.619,2.6,2.6,5.1,0.6,0.3,0.6,0.7,1.8,7.1
0,201147.0,00,0.0,108.0,106.0,27.3,4.0,8.2,0.48,0.9,2.6,0.356,2.5,3.6,0.708,1.3,3.0,4.3,2.8,1.6,0.4,2.3,2.2,11.3
0,1627763.0,00,0.0,136.0,109.0,30.6,4.4,10.3,0.43,1.4,3.7,0.365,3.1,3.5,0.876,0.6,3.5,4.1,2.5,0.9,0.2,1.5,1.8,13.3
0,201166.0,00,0.0,115.0,110.0,32.7,4.3,10.1,0.43,1.8,4.8,0.374,2.7,3.2,0.834,0.7,2.7,3.5,4.1,1.1,0.1,2.6,2.3,13.1
0,1628415.0,00,0.0,109.0,109.0,28.9,5.4,11.4,0.472,1.2,3.4,0.362,2.8,3.5,0.794,1.6,2.9,4.5,2.6,0.9,0.5,2.1,2.9,14.8
0,1626148.0,00,0.0,144.0,106.0,29.2,3.6,8.4,0.428,1.5,3.8,0.403,2.1,2.8,0.751,1.0,3.8,4.8,1.6,0.7,0.2,1.6,1.8,10.8
0,1627759.0,00,0.0,34.0,34.0,27.6,4.8,11.1,0.431,0.9,3.0,0.294,4.2,6.4,0.654,1.1,4.3,5.4,2.0,0.8,0.6,3.1,3.2,14.6
0,203485.0,00,0.0,101.0,95.0,32.6,4.1,9.5,0.429,0.6,2.1,0.305,2.8,3.8,0.741,0.7,3.5,4.2,5.8,1.7,0.5,3.0,1.9,11.6
0,1628425.0,00,0.0,136.0,136.0,25.6,2.9,5.8,0.504,0.9,2.1,0.451,1.4,1.9,0.77,1.4,3.4,4.8,2.2,1.0,0.4,1.5,2.2,8.2
0,1628418.0,00,0.0,69.0,69.0,25.3,4.4,7.5,0.592,0.4,1.1,0.373,3.0,4.1,0.718,2.1,4.1,6.2,1.2,0.6,1.2,2.0,2.9,12.2
0,203493.0,00,0.0,100.0,53.0,24.6,3.6,8.2,0.439,1.9,4.9,0.387,0.9,1.2,0.72,1.6,3.4,5.0,1.7,0.9,0.2,0.9,1.2,9.9
0,202692.0,00,0.0,68.0,67.0,30.9,6.2,12.6,0.495,0.7,2.2,0.313,5.9,7.3,0.804,2.2,3.6,5.8,2.4,1.1,0.4,2.3,2.4,19.0
0,202710.0,00,0.0,106.0,69.0,29.6,3.7,7.2,0.508,0.3,0.9,0.383,4.3,5.6,0.773,2.3,3.1,5.5,1.7,1.1,0.5,1.0,1.7,12.0
0,202779.0,00,0.0,68.0,40.0,26.0,2.9,6.4,0.443,0.8,2.2,0.36,1.2,1.7,0.687,0.8,2.3,3.0,2.8,1.1,0.0,2.0,1.6,7.7
0,203484.0,00,0.0,64.0,63.0,33.0,5.3,12.7,0.415,2.3,6.9,0.339,2.9,3.9,0.752,1.3,4.8,6.1,1.5,1.9,0.4,1.6,2.2,15.8
0,203477.0,00,0.0,132.0,83.0,29.4,4.8,10.7,0.45,2.3,5.5,0.419,3.6,4.5,0.803,0.6,2.2,2.8,2.9,1.2,0.1,2.4,1.8,15.5
0,201960.0,00,0.0,134.0,89.0,24.5,4.5,8.4,0.535,0.2,0.7,0.281,2.1,3.5,0.604,2.4,3.6,6.0,1.6,1.1,0.4,1.3,2.3,11.2
0,1713.0,00,0.0,103.0,82.0,26.0,4.7,8.5,0.547,1.0,2.6,0.368,2.0,2.8,0.705,1.8,2.7,4.5,1.9,1.1,0.8,1.2,1.8,12.3
0,203487.0,00,0.0,66.0,40.0,25.4,2.7,6.8,0.398,0.6,2.1,0.304,2.2,3.2,0.679,0.9,2.6,3.5,5.2,2.0,0.4,2.3,1.8,8.2
0,1626161.0,00,0.0,105.0,70.0,24.5,3.3,5.6,0.593,0.0,0.0,,1.4,2.8,0.508,2.4,3.9,6.2,0.9,1.1,2.2,1.2,2.3,8.0
0,201596.0,00,0.0,110.0,96.0,28.5,4.0,8.3,0.486,1.6,3.9,0.419,2.5,3.2,0.767,0.3,2.5,2.8,3.8,2.6,0.4,2.4,2.4,12.2
0,201163.0,00,0.0,59.0,52.0,31.1,5.1,11.4,0.445,0.8,2.6,0.303,2.0,3.0,0.659,1.9,5.2,7.1,1.2,0.7,1.5,1.8,2.9,12.9
0,1627737.0,00,0.0,34.0,34.0,24.9,5.3,10.0,0.531,0.6,1.8,0.35,2.6,3.8,0.685,2.5,2.9,5.6,0.8,0.9,1.6,4.1,2.0,13.8
0,203546.0,00,0.0,133.0,133.0,28.7,5.1,10.6,0.484,2.6,6.0,0.424,1.6,2.0,0.81,0.5,2.4,2.9,2.2,1.2,0.2,2.1,2.1,14.4
0,203903.0,00,0.0,93.0,75.0,31.7,5.1,11.6,0.44,1.0,3.2,0.322,4.2,5.2,0.805,0.8,2.5,3.3,2.7,0.9,0.3,2.7,2.3,15.4
0,201954.0,00,0.0,142.0,104.0,29.2,4.0,8.3,0.475,1.2,2.7,0.435,2.5,2.9,0.851,0.4,1.8,2.3,4.1,1.6,0.1,2.4,1.4,11.5
0,2555.0,00,0.0,142.0,130.0,27.4,6.0,10.7,0.562,0.2,0.5,0.359,2.5,4.0,0.624,2.7,5.3,8.0,1.8,1.1,1.7,2.4,2.9,14.8
0,201144.0,00,0.0,39.0,39.0,31.6,4.1,7.9,0.518,0.5,1.8,0.304,2.6,3.7,0.694,0.7,2.7,3.4,6.1,2.2,0.3,2.2,1.5,11.3
0,1626192.0,00,0.0,139.0,123.0,32.3,3.7,8.2,0.45,1.9,5.0,0.386,1.2,1.5,0.777,1.0,4.9,5.9,1.8,0.7,0.5,1.0,1.7,10.5
0,1626188.0,00,0.0,143.0,99.0,28.2,3.7,8.6,0.432,1.7,4.4,0.375,1.9,2.2,0.853,0.4,2.3,2.7,3.6,1.1,0.1,1.4,1.8,11.0
0,1628429.0,00,0.0,91.0,91.0,32.9,4.9,11.1,0.44,1.5,4.0,0.373,4.0,5.6,0.704,1.2,4.1,5.3,2.1,1.3,0.9,2.1,2.0,15.2
0,204022.0,00,0.0,123.0,66.0,19.8,3.2,5.3,0.601,0.0,0.0,0.5,1.9,2.8,0.663,2.8,3.6,6.4,0.5,0.4,0.9,0.9,2.0,8.3
0,202326.0,00,0.0,38.0,37.0,23.5,5.4,9.7,0.558,0.0,0.2,0.167,4.3,7.1,0.604,4.1,5.8,9.9,1.0,1.0,1.8,2.1,3.2,15.1
0,203496.0,00,0.0,118.0,112.0,30.0,5.3,11.1,0.476,1.5,3.7,0.422,2.7,3.4,0.802,2.6,4.8,7.4,1.2,1.5,1.3,2.3,3.0,14.8
0,203459.0,00,0.0,98.0,97.0,34.7,5.4,12.2,0.446,2.1,5.6,0.382,2.7,3.3,0.819,0.9,4.8,5.7,2.2,0.9,0.6,1.9,1.7,15.7
0,2037.0,00,0.0,17.0,16.0,33.9,6.2,15.0,0.412,1.9,5.9,0.327,2.4,3.0,0.784,0.4,2.4,2.8,4.5,1.1,0.9,3.1,1.1,16.6
0,202348.0,00,0.0,65.0,42.0,29.3,5.6,12.4,0.455,1.7,4.4,0.384,2.6,3.3,0.765,1.0,3.1,4.1,2.6,1.2,0.2,2.2,1.6,15.5
0,203109.0,00,0.0,72.0,52.0,30.2,5.2,10.6,0.492,1.4,4.1,0.35,2.7,4.0,0.683,2.1,5.4,7.6,1.8,1.9,0.9,1.0,2.5,14.6
0,201967.0,00,0.0,139.0,104.0,27.2,3.7,7.1,0.524,0.0,0.0,0.333,2.2,3.2,0.693,2.5,3.4,5.9,1.0,1.2,0.8,1.8,2.8,9.6
0,203552.0,00,0.0,141.0,120.0,30.9,4.8,11.2,0.431,2.3,5.9,0.394,2.9,3.5,0.827,0.6,2.2,2.8,2.1,1.2,0.2,1.6,1.8,14.9
0,201939.0,00,0.0,104.0,103.0,32.6,8.4,17.9,0.467,4.0,9.7,0.412,4.6,5.3,0.876,0.8,3.8,4.5,3.7,2.1,0.3,3.0,2.4,25.3
0,203584.0,00,0.0,125.0,57.0,16.9,2.4,6.1,0.389,2.0,5.2,0.386,0.5,0.7,0.782,0.5,1.6,2.1,0.4,0.7,0.1,0.6,1.3,7.3
0,203076.0,00,0.0,40.0,40.0,32.0,5.3,8.4,0.623,0.1,0.5,0.15,3.6,5.1,0.709,3.0,7.4,10.4,1.3,1.4,4.7,1.0,2.0,14.2
0,1627738.0,00,0.0,35.0,16.0,18.6,3.4,5.7,0.598,0.0,0.0,,0.7,1.1,0.605,2.1,3.4,5.5,0.7,0.3,1.8,0.9,2.3,7.5
0,202334.0,00,0.0,61.0,25.0,22.2,3.4,6.3,0.548,0.0,0.0,,2.3,3.7,0.623,2.4,5.3,7.7,0.7,0.4,2.1,1.4,1.9,9.2
0,201942.0,00,0.0,35.0,35.0,33.4,5.5,10.5,0.523,0.2,1.0,0.167,2.7,4.2,0.646,2.4,3.3,5.7,1.5,0.9,0.4,2.1,2.1,13.9
0,203473.0,00,0.0,51.0,49.0,22.7,3.0,5.8,0.52,0.0,0.1,0.0,1.1,1.7,0.614,2.3,4.0,6.4,0.5,0.9,1.7,1.5,3.1,7.1
0,1626155.0,00,0.0,113.0,81.0,27.9,4.4,8.9,0.494,1.3,3.6,0.348,2.0,2.8,0.695,1.6,3.4,5.0,1.3,0.6,0.5,1.0,1.2,12.1
0,203521.0,00,0.0,136.0,133.0,36.4,4.3,10.5,0.415,2.1,5.6,0.378,3.4,4.0,0.86,0.8,2.6,3.4,5.6,1.1,0.1,2.5,1.9,14.2
0,2736.0,00,0.0,37.0,32.0,31.1,5.7,11.9,0.475,1.1,3.0,0.36,2.6,3.7,0.71,2.2,4.7,6.9,1.8,1.3,1.1,2.2,2.2,15.1
0,1627767.0,00,0.0,27.0,1.0,7.5,1.2,2.1,0.569,0.0,0.0,,0.6,1.0,0.556,0.6,1.9,2.5,0.0,0.3,0.9,0.6,1.4,3.0
0,203476.0,00,0.0,102.0,82.0,27.3,3.3,6.1,0.545,0.0,0.0,0.333,1.7,2.7,0.64,3.0,4.9,7.9,1.2,1.0,2.6,1.6,2.7,8.3
0,203915.0,00,0.0,86.0,86.0,30.1,3.4,8.0,0.42,1.3,3.5,0.386,4.9,5.9,0.83,0.5,2.9,3.3,2.6,1.1,0.3,1.8,2.1,13.0
0,1628416.0,00,0.0,75.0,75.0,30.0,4.6,10.0,0.455,2.1,5.0,0.416,2.9,3.9,0.732,1.1,2.8,3.9,1.8,0.8,0.1,1.7,1.8,14.1
0,1628422.0,00,0.0,97.0,97.0,29.6,5.0,10.5,0.473,2.0,5.1,0.395,1.6,1.9,0.822,1.4,4.2,5.6,1.2,0.7,0.2,1.1,1.8,13.5
0,1628408.0,00,0.0,70.0,70.0,24.0,4.0,10.1,0.398,0.7,2.7,0.277,1.6,2.8,0.579,0.9,3.0,3.9,2.4,1.3,0.3,2.4,2.6,10.4
0,203083.0,00,0.0,34.0,30.0,28.4,4.6,8.6,0.538,0.0,0.1,0.0,0.8,2.6,0.295,3.4,4.2,7.6,0.4,0.8,2.7,1.5,2.2,10.0
0,201162.0,00,0.0,130.0,130.0,36.4,5.3,10.5,0.504,0.9,2.5,0.365,4.4,6.0,0.731,2.9,4.3,7.2,3.0,1.4,0.3,2.1,1.9,15.9
0,1627739.0,00,0.0,95.0,82.0,31.6,4.5,9.9,0.45,0.8,2.2,0.354,3.1,4.5,0.693,1.1,4.0,5.1,5.8,2.2,0.4,3.3,2.9,12.8
0,201142.0,00,0.0,35.0,35.0,35.9,8.7,18.5,0.473,2.3,5.8,0.404,6.0,7.3,0.816,3.0,8.1,11.1,1.3,1.9,1.9,2.8,2.0,25.8
0,1627740.0,00,0.0,33.0,33.0,33.5,5.9,13.2,0.446,0.9,3.2,0.288,4.3,5.8,0.749,2.2,7.6,9.7,1.8,0.8,1.5,2.4,2.5,17.0
0,201961.0,00,0.0,115.0,112.0,28.5,5.4,11.6,0.463,2.0,5.0,0.397,2.0,2.5,0.809,1.1,3.0,4.1,2.2,0.9,0.1,1.5,1.5,14.7
0,203954.0,00,0.0,28.0,28.0,23.1,3.8,6.1,0.626,0.0,0.2,0.0,3.5,5.1,0.685,,,8.1,1.4,0.9,2.6,2.4,3.4,11.0
0,203898.0,00,0.0,34.0,34.0,35.7,4.4,10.6,0.411,0.9,2.5,0.353,3.4,4.4,0.765,0.8,2.6,3.4,5.5,2.1,0.2,1.7,2.0,12.9
0,203516.0,00,0.0,67.0,66.0,31.0,4.5,9.0,0.493,1.5,4.1,0.354,2.8,3.6,0.788,1.6,3.8,5.4,2.4,1.7,1.0,2.5,2.4,13.2
0,1628393.0,00,0.0,54.0,54.0,29.1,5.7,12.7,0.448,1.0,2.5,0.407,4.2,5.1,0.818,0.6,3.2,3.8,5.8,1.5,0.1,2.7,2.4,16.6
0,201936.0,00,0.0,37.0,35.0,29.0,6.2,13.6,0.455,0.9,3.4,0.274,3.7,5.2,0.711,1.3,4.1,5.4,3.9,2.1,0.8,3.6,2.4,17.1
0,202702.0,00,0.0,136.0,122.0,29.1,5.8,10.1,0.569,0.0,0.1,0.25,3.2,5.6,0.583,4.4,7.9,12.3,0.9,1.7,1.8,2.2,3.1,14.8
0,202324.0,00,0.0,36.0,35.0,27.5,5.0,8.1,0.611,0.0,0.0,0.0,2.5,4.0,0.629,3.0,5.4,8.4,1.0,0.9,2.1,2.5,2.6,12.4
0,1627770.0,00,0.0,101.0,101.0,35.9,5.5,12.9,0.426,1.4,4.1,0.345,5.1,6.2,0.822,0.7,3.7,4.3,7.8,1.6,0.2,3.5,2.8,17.5
0,101109.0,00,0.0,101.0,100.0,33.9,4.1,9.7,0.423,1.7,4.6,0.375,2.6,3.5,0.731,0.7,3.4,4.1,6.9,1.9,0.3,3.6,2.3,12.5
0,1627812.0,00,0.0,137.0,137.0,32.8,4.6,10.8,0.432,2.0,5.0,0.399,3.2,3.9,0.83,0.6,2.6,3.2,4.6,0.8,0.1,2.3,1.7,14.5
0,1627827.0,00,0.0,134.0,91.0,28.6,3.6,8.7,0.411,1.4,3.8,0.361,2.1,3.2,0.657,2.6,4.5,7.1,1.9,0.8,0.7,1.8,2.4,10.7
0,1628368.0,00,0.0,36.0,36.0,29.6,5.9,12.4,0.478,0.5,1.9,0.246,4.3,5.9,0.739,0.6,3.4,3.9,4.6,1.5,0.2,2.4,2.5,16.7
0,101112.0,00,0.0,133.0,119.0,27.7,5.3,9.5,0.562,0.0,0.2,0.261,2.8,3.7,0.759,2.8,4.6,7.3,1.3,0.6,1.9,1.4,2.8,13.5
0,1628365.0,00,0.0,25.0,25.0,35.7,8.4,17.6,0.476,2.1,5.0,0.413,4.4,6.7,0.649,1.3,4.4,5.7,5.9,1.6,1.2,3.2,2.5,23.2
0,204038.0,00,0.0,133.0,132.0,35.5,4.9,11.3,0.438,2.6,6.1,0.426,2.5,3.1,0.821,1.0,3.5,4.5,2.2,1.3,0.5,1.2,2.5,15.0
0,200752.0,00,0.0,64.0,59.0,29.8,5.0,10.8,0.461,0.9,2.3,0.378,2.8,3.8,0.721,1.9,4.0,5.9,1.8,1.3,1.7,2.2,2.3,13.6
0,202331.0,00,0.0,63.0,63.0,33.9,5.1,11.4,0.447,1.9,4.9,0.396,3.4,4.2,0.803,1.9,4.8,6.7,2.4,2.0,0.9,2.7,2.8,15.5
0,201959.0,00,0.0,105.0,104.0,32.7,4.8,8.2,0.58,0.0,0.0,,2.9,4.6,0.629,2.9,5.6,8.5,1.4,0.7,2.4,2.5,3.1,12.4
0,1628385.0,00,0.0,26.0,26.0,11.5,1.7,3.0,0.577,0.0,0.0,,0.5,0.9,0.5,1.6,2.3,3.8,0.3,0.3,0.7,0.7,2.2,3.9
0,203932.0,00,0.0,38.0,38.0,31.2,5.0,10.1,0.495,0.4,1.2,0.356,2.0,4.7,0.422,2.7,5.3,8.0,2.0,0.9,1.0,1.4,2.4,12.4
0,201569.0,00,0.0,32.0,32.0,34.7,5.8,13.3,0.433,2.2,6.5,0.337,7.2,8.7,0.834,0.7,2.5,3.3,2.4,1.3,0.6,3.6,2.2,20.9
0,1626203.0,00,0.0,140.0,102.0,25.4,4.4,10.2,0.432,1.4,4.0,0.354,3.2,4.6,0.691,2.1,3.6,5.7,1.4,0.8,0.2,1.4,2.1,13.4
0,203924.0,00,0.0,72.0,29.0,21.9,2.6,5.3,0.486,0.1,0.3,0.3,2.2,3.5,0.641,1.7,2.9,4.7,0.9,0.6,0.5,0.9,1.8,7.5
0,1626170.0,00,0.0,119.0,117.0,36.4,4.7,10.7,0.436,1.5,4.4,0.345,3.8,4.8,0.79,0.4,2.5,2.9,5.8,1.5,0.3,2.2,1.8,14.6
0,201980.0,00,0.0,145.0,39.0,19.9,3.4,7.4,0.455,1.3,3.4,0.375,1.4,1.6,0.845,1.4,2.7,4.1,1.8,1.1,1.1,1.4,1.9,9.4
0,203110.0,00,0.0,145.0,67.0,25.0,3.7,8.0,0.467,0.6,1.7,0.361,2.3,3.4,0.687,2.0,5.6,7.6,2.9,1.2,0.8,1.9,2.7,10.5
0,203210.0,00,0.0,123.0,114.0,27.2,5.0,9.6,0.519,0.0,0.1,0.176,3.5,4.9,0.711,3.0,4.4,7.4,1.2,1.0,1.7,2.5,3.2,13.5
0,201145.0,00,0.0,102.0,102.0,33.2,4.8,9.7,0.488,0.9,2.4,0.359,2.7,3.9,0.7,2.1,4.4,6.5,3.1,0.9,1.2,2.5,2.5,13.1
0,201933.0,00,0.0,68.0,63.0,30.9,7.1,11.5,0.618,0.0,0.1,0.3,4.5,7.7,0.589,3.6,8.3,11.8,2.1,1.1,1.0,2.8,2.5,18.8
0,203547.0,00,0.0,60.0,53.0,29.2,5.2,9.3,0.559,0.5,1.5,0.352,3.5,6.0,0.588,2.4,5.4,7.8,1.2,1.3,2.2,2.7,3.3,14.5
0,1627772.0,00,0.0,71.0,71.0,31.7,4.2,10.9,0.384,1.3,3.9,0.337,2.0,2.6,0.772,1.0,7.3,8.3,4.2,1.0,0.4,2.3,2.1,11.7
0,1627773.0,00,0.0,132.0,95.0,24.3,4.6,8.6,0.538,0.0,0.2,0.261,2.7,4.0,0.69,2.4,4.7,7.0,0.8,0.4,2.6,2.1,2.5,12.1
0,203501.0,00,0.0,107.0,107.0,33.3,4.9,11.6,0.425,1.9,5.5,0.343,2.6,3.6,0.724,0.6,3.5,4.1,2.1,0.7,0.3,1.7,2.0,14.3
0,201935.0,00,0.0,69.0,68.0,35.0,6.0,11.9,0.506,1.5,3.9,0.376,5.4,7.2,0.755,1.3,4.1,5.4,3.7,1.9,0.4,3.0,2.5,19.0
0,203090.0,00,0.0,32.0,32.0,36.1,6.0,13.3,0.452,0.5,2.5,0.215,2.9,4.3,0.676,2.8,5.9,8.6,1.5,1.6,1.4,2.5,2.3,15.5
0,1626149.0,00,0.0,112.0,75.0,26.4,4.8,8.1,0.586,0.1,0.4,0.275,1.9,3.6,0.533,2.6,4.3,6.9,0.9,0.8,1.1,1.3,1.9,11.6
0,2734.0,00,0.0,96.0,96.0,35.0,4.6,10.2,0.447,1.9,5.2,0.375,3.8,4.8,0.778,0.7,3.4,4.1,3.1,1.7,0.4,1.8,2.1,14.8
0,203914.0,00,0.0,69.0,67.0,31.0,5.0,11.4,0.44,2.1,5.6,0.376,2.7,3.5,0.788,1.0,2.3,3.3,2.0,1.6,0.3,1.6,2.0,14.9
0,203925.0,00,0.0,135.0,128.0,30.3,4.2,9.5,0.445,1.9,4.8,0.407,2.2,3.1,0.722,0.9,2.9,3.8,1.9,0.9,0.4,1.6,2.3,12.6
0,202699.0,00,0.0,34.0,33.0,29.2,5.4,11.8,0.46,0.7,2.2,0.303,3.8,5.0,0.753,2.0,5.3,7.3,1.3,0.7,0.9,1.8,2.1,15.3
0,1626150.0,00,0.0,79.0,78.0,28.6,2.8,7.6,0.372,0.9,2.4,0.367,3.6,4.6,0.777,0.6,2.1,2.7,3.8,0.8,0.2,2.2,2.4,10.1
0,1628404.0,00,0.0,146.0,146.0,28.0,4.6,9.1,0.511,1.4,3.6,0.389,2.5,3.4,0.72,1.7,3.8,5.6,1.8,1.1,0.3,1.3,2.2,13.2
0,2617.0,00,0.0,130.0,125.0,24.9,4.9,8.3,0.584,0.0,0.0,0.0,4.0,5.9,0.666,2.2,4.2,6.4,1.1,0.8,0.9,2.3,3.1,13.7
0,202330.0,00,0.0,69.0,69.0,33.1,4.3,9.2,0.47,1.7,4.6,0.369,4.1,4.9,0.824,1.7,5.7,7.4,1.8,1.3,0.9,2.0,2.1,14.4
0,203089.0,00,0.0,109.0,82.0,23.8,4.4,8.8,0.497,0.0,0.2,0.208,1.6,3.2,0.483,2.5,5.7,8.1,1.0,0.6,2.6,1.5,1.5,10.3
0,1627823.0,00,0.0,34.0,22.0,23.7,3.1,6.9,0.455,1.0,2.8,0.358,2.4,3.3,0.717,1.7,4.0,5.7,0.6,0.8,0.3,1.4,1.3,9.7
0,1628439.0,00,0.0,151.0,151.0,16.2,2.8,4.9,0.571,0.0,0.0,0.167,1.8,2.5,0.725,1.5,2.2,3.6,0.7,0.3,0.5,1.1,2.5,7.4
0,1627741.0,00,0.0,132.0,117.0,31.7,5.9,13.2,0.448,2.6,6.8,0.39,2.8,3.4,0.836,1.6,3.4,5.0,1.9,1.3,0.3,2.2,2.0,17.4
0,201588.0,00,0.0,95.0,87.0,33.3,5.6,10.7,0.529,0.9,2.3,0.404,4.8,6.1,0.785,1.9,3.8,5.8,3.3,1.6,0.3,2.5,2.8,17.0
0,203524.0,00,0.0,139.0,129.0,29.0,3.5,7.3,0.481,0.8,2.2,0.375,2.5,3.3,0.745,1.8,3.8,5.6,2.2,0.9,0.4,2.1,2.4,10.3
0,201950.0,00,0.0,35.0,35.0,27.1,3.2,7.1,0.45,0.8,2.5,0.307,1.3,1.8,0.726,1.3,2.5,3.8,3.7,1.6,0.5,2.1,2.1,8.5
0,203200.0,00,0.0,123.0,56.0,19.6,2.0,4.6,0.443,0.5,1.4,0.343,0.7,1.0,0.736,1.3,2.3,3.6,1.5,0.8,0.5,1.0,1.6,5.3
0,1626178.0,00,0.0,76.0,31.0,27.0,3.4,6.9,0.496,0.1,0.5,0.205,3.3,4.7,0.697,2.1,4.1,6.3,1.5,0.9,0.9,1.4,2.4,10.2
0,1626158.0,00,0.0,95.0,64.0,26.5,4.2,7.7,0.554,0.3,0.9,0.353,2.7,3.8,0.697,2.6,4.2,6.9,0.7,0.8,2.6,1.5,2.5,11.5
0,203918.0,00,0.0,67.0,62.0,32.8,4.7,10.4,0.455,1.8,4.4,0.396,2.0,2.6,0.773,0.9,3.4,4.3,2.1,0.6,0.3,1.3,2.0,13.3
0,201143.0,00,0.0,109.0,100.0,25.7,3.9,6.6,0.586,0.0,0.0,0.0,2.5,4.1,0.619,2.3,5.6,7.9,1.7,0.9,1.7,1.6,2.5,10.3
0,203962.0,00,0.0,135.0,75.0,25.0,2.9,6.4,0.451,0.5,1.5,0.319,1.3,2.1,0.61,2.2,4.0,6.2,0.8,0.5,1.4,0.9,1.7,7.5
0,1626205.0,00,0.0,67.0,58.0,27.1,4.9,9.1,0.54,0.1,0.2,0.333,3.7,6.1,0.604,2.5,5.4,7.9,1.5,1.0,0.9,2.4,3.1,13.6
0,2738.0,00,0.0,62.0,34.0,25.4,3.3,7.8,0.424,0.5,1.9,0.274,2.5,3.3,0.738,2.2,4.4,6.6,3.4,1.5,0.5,2.1,2.2,9.6
0,1627742.0,00,0.0,36.0,34.0,34.6,5.9,13.4,0.442,2.2,5.4,0.41,3.2,4.7,0.682,1.9,4.9,6.8,2.0,1.1,1.4,2.0,2.1,17.3
0,202681.0,00,0.0,11.0,8.0,27.5,5.0,9.5,0.529,1.6,3.5,0.462,5.8,6.5,0.901,0.5,2.8,3.4,4.3,1.5,0.5,2.5,2.1,17.5
0,1628371.0,00,0.0,32.0,32.0,26.2,4.1,8.0,0.508,1.0,2.8,0.348,2.9,3.7,0.78,1.8,6.1,7.8,1.2,1.2,1.5,1.5,2.2,12.0
0,1628411.0,00,0.0,132.0,132.0,28.2,3.2,6.9,0.463,0.4,1.1,0.338,2.6,3.8,0.688,1.2,3.5,4.7,2.8,0.9,0.4,2.1,2.1,9.5
0,101127.0,00,0.0,101.0,100.0,32.3,4.0,8.4,0.478,0.9,2.6,0.359,3.6,4.5,0.796,0.4,4.0,4.5,5.4,1.8,0.1,3.3,2.0,12.5
0,1627743.0,00,0.0,103.0,88.0,31.5,4.0,8.6,0.467,1.3,3.4,0.381,2.3,3.0,0.782,0.9,2.3,3.1,3.3,1.1,0.2,1.9,1.7,11.7
0,1628402.0,00,0.0,36.0,36.0,24.9,3.7,7.8,0.473,1.4,3.6,0.395,2.1,2.8,0.755,0.6,1.9,2.5,1.7,0.6,0.1,1.4,2.4,10.9
0,1628367.0,00,0.0,35.0,35.0,30.8,6.3,12.3,0.513,1.0,2.6,0.378,2.8,4.9,0.566,2.3,5.1,7.4,3.0,1.7,1.1,2.8,3.0,16.3
0,1628382.0,00,0.0,33.0,33.0,27.8,3.5,8.1,0.438,1.4,3.2,0.438,2.0,2.9,0.698,1.8,4.3,6.0,0.9,0.9,0.8,1.6,2.2,10.5
0,202704.0,00,0.0,99.0,52.0,28.0,4.6,9.9,0.465,1.2,3.5,0.351,2.3,3.0,0.753,1.4,3.0,4.4,3.5,0.8,0.5,2.1,1.7,12.7
0,2210.0,00,0.0,84.0,77.0,26.3,4.0,8.1,0.49,0.7,1.9,0.368,2.5,3.5,0.718,1.6,3.4,5.0,2.8,0.6,0.8,2.7,2.6,11.2
0,1627744.0,00,0.0,148.0,80.0,21.0,4.8,8.4,0.574,0.0,0.0,0.0,1.9,2.8,0.708,2.1,4.9,7.0,0.9,0.8,1.1,1.3,2.5,11.6
0,1626177.0,00,0.0,78.0,18.0,15.2,2.1,3.8,0.537,0.0,0.0,,1.6,2.9,0.559,1.9,2.4,4.3,0.5,0.3,0.8,0.9,1.9,5.8
0,201949.0,00,0.0,61.0,59.0,29.9,5.8,11.2,0.515,0.8,2.8,0.296,2.5,3.6,0.693,2.8,5.5,8.3,1.6,1.4,1.4,2.5,3.0,14.8
0,2207.0,00,0.0,53.0,50.0,30.3,5.7,12.2,0.466,1.2,2.9,0.406,2.4,3.2,0.753,2.1,4.1,6.1,2.4,1.7,0.5,2.5,1.7,15.0
0,1626169.0,00,0.0,38.0,37.0,28.4,4.6,10.3,0.446,1.1,3.1,0.371,3.5,4.7,0.742,2.0,4.5,6.5,1.7,1.5,0.4,2.2,2.6,13.8
0,204020.0,00,0.0,128.0,87.0,27.6,3.8,8.4,0.456,0.9,2.5,0.372,1.9,2.7,0.716,1.4,3.4,4.8,2.4,1.1,0.3,1.4,2.6,10.5
0,202325.0,00,0.0,93.0,90.0,31.6,5.0,10.9,0.454,1.4,4.0,0.349,2.6,3.3,0.768,2.2,4.7,7.0,1.6,1.1,1.2,2.2,2.3,13.9
0,1627745.0,00,0.0,99.0,95.0,27.2,5.1,9.1,0.566,0.0,0.1,0.125,3.0,5.3,0.565,2.1,4.3,6.4,0.7,0.4,1.7,2.0,3.0,13.2
0,1626145.0,00,0.0,39.0,39.0,33.9,3.5,8.3,0.417,1.2,3.2,0.379,3.7,4.2,0.889,0.5,3.0,3.5,5.6,1.5,0.1,1.9,1.2,11.8
0,201599.0,00,0.0,35.0,21.0,20.1,3.2,5.2,0.617,0.0,0.0,,1.5,3.4,0.437,1.9,4.1,6.0,0.4,0.2,1.3,1.6,1.9,7.9
0,202709.0,00,0.0,36.0,36.0,32.4,3.8,8.9,0.422,1.4,3.5,0.413,1.4,2.0,0.699,0.6,2.9,3.6,3.0,1.0,0.3,1.5,1.8,10.4
0,1626163.0,00,0.0,144.0,79.0,20.4,3.7,7.0,0.522,0.7,1.9,0.369,2.1,2.7,0.763,1.3,3.4,4.6,1.3,0.5,1.1,0.8,1.6,10.1
0,203077.0,00,0.0,40.0,39.0,31.1,4.0,8.2,0.491,0.3,1.3,0.255,3.6,4.8,0.745,2.6,4.9,7.4,1.9,1.0,0.9,2.2,2.4,11.9
0,203930.0,00,0.0,140.0,105.0,30.8,5.1,12.1,0.419,2.2,6.4,0.347,3.0,3.8,0.78,1.3,3.1,4.3,2.0,1.2,0.2,1.7,1.3,15.3
0,202688.0,00,0.0,38.0,38.0,35.9,5.7,13.5,0.423,2.3,6.1,0.377,3.6,4.5,0.795,0.7,3.4,4.0,4.2,0.7,0.2,3.2,2.2,17.3
0,1627788.0,00,0.0,56.0,10.0,11.6,1.6,3.6,0.457,0.7,1.8,0.398,0.3,0.5,0.615,0.4,0.8,1.2,0.6,0.2,0.1,0.4,1.4,4.3
0,1628436.0,00,0.0,128.0,128.0,24.1,3.0,7.2,0.417,1.2,3.7,0.32,1.7,2.2,0.779,1.2,3.6,4.8,1.1,0.4,1.6,1.1,2.0,8.9
0,2594.0,00,0.0,128.0,95.0,27.7,4.4,9.3,0.472,2.9,6.4,0.453,2.4,2.7,0.891,1.3,3.9,5.2,2.3,1.3,0.5,1.8,2.3,14.1
0,201585.0,00,0.0,37.0,35.0,27.1,6.0,11.8,0.508,0.6,1.7,0.349,1.8,2.7,0.68,2.6,4.0,6.7,0.5,0.4,1.8,1.5,2.2,14.4
0,1628398.0,00,0.0,96.0,96.0,21.0,3.9,7.7,0.506,0.5,1.8,0.302,1.8,2.8,0.633,1.6,3.9,5.5,1.5,0.3,0.4,1.6,1.6,10.1
0,203897.0,00,0.0,37.0,1.0,24.4,3.4,7.8,0.441,1.3,3.5,0.375,1.3,1.8,0.691,0.5,2.1,2.5,1.8,0.9,0.2,1.1,2.0,9.4
0,1627746.0,00,0.0,36.0,18.0,15.8,2.7,5.3,0.516,0.0,0.1,0.0,1.1,1.7,0.661,1.0,2.2,3.1,0.3,0.3,1.6,0.9,3.0,6.6
0,203087.0,00,0.0,75.0,74.0,32.1,5.3,11.0,0.482,1.6,4.5,0.348,1.9,2.4,0.806,1.1,3.6,4.7,1.7,1.0,0.6,1.6,1.6,14.1
0,203499.0,00,0.0,68.0,54.0,31.3,3.8,8.6,0.438,1.5,4.0,0.375,2.2,2.7,0.808,0.5,2.7,3.2,3.6,1.8,0.1,2.1,1.6,11.2
0,1627774.0,00,0.0,141.0,115.0,28.1,3.4,7.7,0.445,1.4,3.9,0.362,1.9,2.6,0.759,1.1,3.7,4.8,1.1,0.9,0.8,1.4,1.9,10.2
0,1627747.0,00,0.0,103.0,70.0,26.4,3.6,8.2,0.434,1.3,3.2,0.401,2.0,2.6,0.77,0.4,3.2,3.5,2.7,0.9,0.2,1.3,1.5,10.4
0,1628388.0,00,0.0,35.0,35.0,29.9,6.7,10.9,0.617,0.8,1.7,0.466,2.1,3.0,0.679,2.2,6.0,8.2,2.4,0.6,1.1,1.5,2.5,16.3
0,201584.0,00,0.0,127.0,127.0,31.2,6.3,13.6,0.464,1.9,4.8,0.401,3.1,3.7,0.817,1.7,3.5,5.2,2.2,1.9,0.6,2.5,2.5,17.6
0,203458.0,00,0.0,60.0,48.0,24.5,3.8,7.0,0.538,0.0,0.2,0.111,2.2,3.3,0.663,2.4,4.5,7.0,0.8,0.2,2.1,1.6,2.6,9.7
0,202695.0,00,0.0,70.0,69.0,31.9,5.4,12.0,0.449,0.6,2.3,0.25,2.8,3.7,0.744,3.3,6.9,10.2,2.2,1.4,0.6,2.2,2.5,14.1
0,203086.0,00,0.0,65.0,31.0,19.8,3.0,5.4,0.567,0.0,0.2,0.083,1.6,2.2,0.729,1.3,3.4,4.7,0.7,0.3,1.1,1.4,2.2,7.7
0,202720.0,00,0.0,123.0,68.0,22.8,4.2,8.7,0.482,0.8,2.2,0.368,2.0,2.7,0.723,1.3,3.2,4.5,1.1,0.4,0.7,1.2,1.6,11.2
0,203081.0,00,0.0,103.0,98.0,32.7,5.7,12.7,0.446,2.4,6.1,0.39,5.0,5.8,0.867,0.4,3.9,4.3,3.5,1.3,0.2,2.4,2.1,18.8
0,202391.0,00,0.0,115.0,87.0,29.2,4.4,9.1,0.481,0.9,2.8,0.333,3.2,4.3,0.733,0.9,3.4,4.3,3.5,2.0,0.6,2.9,2.9,12.9
0,1626172.0,00,0.0,36.0,36.0,30.9,4.2,8.9,0.47,0.6,1.5,0.415,2.6,4.1,0.626,3.4,5.8,9.2,1.4,1.3,0.9,1.3,2.9,11.6
0,201572.0,00,0.0,53.0,43.0,28.0,6.1,12.7,0.48,0.1,0.4,0.143,3.7,4.9,0.764,2.3,4.8,7.1,1.1,0.5,1.9,2.1,2.6,16.0
0,201577.0,00,0.0,67.0,61.0,24.3,3.5,6.9,0.511,0.0,0.0,0.5,1.9,3.1,0.612,2.6,3.1,5.6,0.8,0.3,2.3,1.6,2.5,9.0
0,201567.0,00,0.0,39.0,38.0,29.6,5.8,10.4,0.559,0.7,2.1,0.354,5.1,6.6,0.767,3.6,7.0,10.6,1.9,0.7,1.4,2.0,1.9,17.5
0,200768.0,00,0.0,57.0,34.0,26.7,3.2,7.1,0.449,0.2,0.7,0.325,2.9,4.0,0.737,1.4,2.4,3.8,3.0,1.9,0.2,1.9,2.6,9.5
0,1627789.0,00,0.0,33.0,32.0,30.1,4.8,11.9,0.402,1.9,5.3,0.358,3.0,4.3,0.697,1.0,3.6,4.6,2.8,1.7,0.3,2.8,3.5,14.5
0,1628399.0,00,0.0,71.0,71.0,33.1,3.9,8.2,0.475,1.4,3.5,0.398,2.4,2.9,0.809,2.0,5.4,7.4,1.6,1.1,1.6,1.5,2.6,11.6
0,1626168.0,00,0.0,36.0,21.0,23.0,3.3,6.7,0.488,0.1,0.8,0.138,2.1,2.8,0.735,1.8,3.4,5.2,1.1,0.5,0.4,1.1,1.6,8.7
0,1627815.0,00,0.0,141.0,97.0,30.0,4.5,9.9,0.455,1.3,3.7,0.34,3.7,4.5,0.818,0.9,2.9,3.8,1.3,0.9,0.2,1.3,1.3,13.9
0,202714.0,00,0.0,108.0,107.0,31.2,4.8,11.4,0.419,2.0,5.6,0.357,2.6,3.4,0.755,0.8,3.4,4.2,3.3,1.1,0.1,2.2,1.9,14.1
0,1628374.0,00,0.0,37.0,37.0,30.8,5.0,10.2,0.492,1.9,4.4,0.423,3.7,4.4,0.835,2.4,4.8,7.2,0.9,0.4,0.5,1.1,2.0,15.6
0,1626185.0,00,0.0,65.0,57.0,30.7,5.0,10.1,0.494,0.6,2.0,0.308,3.1,4.5,0.689,2.4,4.6,6.9,1.4,1.0,0.7,2.2,2.6,13.7
0,1628412.0,00,0.0,145.0,145.0,30.0,4.2,9.2,0.454,1.3,3.0,0.42,3.3,4.4,0.761,0.5,2.9,3.4,4.0,1.1,0.1,1.9,2.0,13.0
0,202083.0,00,0.0,127.0,118.0,30.2,4.0,9.1,0.444,0.8,2.3,0.341,4.3,5.4,0.799,1.6,3.4,4.9,2.1,1.2,0.3,2.2,2.3,13.2
0,201601.0,00,0.0,107.0,106.0,29.5,3.4,6.8,0.503,0.2,0.9,0.215,1.7,2.5,0.668,2.6,4.7,7.2,1.6,1.3,0.6,1.8,2.2,8.7
0,203949.0,00,0.0,108.0,73.0,24.9,4.3,9.7,0.447,0.0,0.1,0.0,2.8,4.9,0.569,2.1,3.8,5.9,1.0,1.2,0.5,1.6,2.1,11.4
0,1627775.0,00,0.0,65.0,48.0,31.7,4.2,9.6,0.439,1.9,5.2,0.367,1.9,2.5,0.753,0.9,3.3,4.2,3.3,2.0,0.4,1.9,1.9,12.2
0,203468.0,00,0.0,111.0,109.0,32.9,6.9,15.7,0.439,2.0,5.2,0.377,5.5,6.7,0.825,1.5,4.8,6.3,2.7,2.1,0.5,2.4,1.8,21.3
0,204456.0,00,0.0,107.0,107.0,32.2,3.9,8.0,0.487,0.9,2.5,0.372,1.3,1.6,0.771,0.7,3.2,3.9,5.7,2.2,0.2,2.1,1.9,10.0
0,1626191.0,00,0.0,16.0,16.0,28.1,3.4,7.1,0.478,0.1,0.1,1.0,2.5,4.4,0.563,2.3,4.6,6.9,1.1,1.7,2.1,2.2,2.6,9.3
0,203926.0,00,0.0,145.0,145.0,31.5,7.9,14.3,0.55,1.9,4.1,0.458,4.1,4.9,0.831,1.9,5.6,7.5,1.3,0.2,0.1,2.2,1.8,21.7
0,201580.0,00,0.0,66.0,31.0,18.7,3.5,6.5,0.542,0.2,0.7,0.356,1.4,2.7,0.514,1.7,3.0,4.8,0.3,0.5,1.8,1.6,2.0,8.7
0,203585.0,00,0.0,135.0,102.0,27.5,4.2,9.3,0.452,1.4,3.7,0.381,1.9,2.5,0.759,1.9,3.0,4.8,1.4,0.9,0.3,1.3,1.5,11.7
0,203463.0,00,0.0,37.0,37.0,32.2,5.4,10.8,0.495,2.0,4.7,0.42,3.2,3.7,0.87,1.3,3.9,5.2,2.0,1.0,0.7,2.1,1.9,15.9
0,201177.0,00,0.0,69.0,63.0,29.7,4.0,7.5,0.54,0.1,0.5,0.278,2.5,3.8,0.664,1.9,4.6,6.5,2.4,1.2,1.9,1.9,2.8,10.8
0,201975.0,00,0.0,81.0,42.0,27.7,4.8,10.9,0.436,2.2,5.7,0.386,3.7,4.1,0.89,0.7,2.4,3.0,1.6,1.1,0.1,1.8,1.6,15.4
0,1626175.0,00,0.0,65.0,65.0,33.8,5.6,10.8,0.517,0.0,0.2,0.071,2.9,4.3,0.669,2.7,6.1,8.8,1.2,0.8,3.4,2.8,2.4,14.0
0,203114.0,00,0.0,87.0,72.0,26.0,3.9,9.1,0.432,1.1,3.3,0.321,2.4,3.1,0.768,1.5,3.0,4.6,2.0,1.0,0.2,2.0,2.1,11.3
0,203121.0,00,0.0,152.0,82.0,24.9,2.9,6.5,0.449,1.2,3.0,0.378,1.2,1.5,0.815,1.0,2.2,3.2,1.8,0.8,0.7,1.4,2.3,8.2
0,201988.0,00,0.0,58.0,56.0,32.7,5.6,13.4,0.415,2.2,6.7,0.331,3.0,3.7,0.806,0.4,1.8,2.2,3.7,2.0,0.2,2.9,1.6,16.4
0,200794.0,00,0.0,92.0,91.0,35.2,7.2,12.4,0.577,0.1,0.2,0.375,4.2,6.8,0.62,5.5,7.3,12.7,0.9,1.3,2.0,2.4,3.1,18.6
0,1628378.0,00,0.0,4.0,4.0,1.8,0.3,0.3,1.0,0.0,0.0,,0.3,0.5,0.5,0.0,0.3,0.3,0.0,0.0,0.0,0.5,0.0,0.8
0,1628370.0,00,0.0,38.0,38.0,32.1,6.6,14.7,0.45,2.7,6.9,0.397,3.9,4.7,0.822,0.3,2.2,2.5,2.3,0.9,0.5,2.0,1.9,19.8
0,202328.0,00,0.0,65.0,65.0,32.6,5.3,9.8,0.543,0.1,0.5,0.273,3.7,5.5,0.677,2.1,6.1,8.2,3.2,1.5,1.5,2.9,2.5,14.5
0,202734.0,00,0.0,140.0,136.0,32.3,5.6,12.7,0.44,1.7,4.6,0.38,2.4,3.3,0.729,1.1,3.3,4.4,2.9,1.2,0.4,2.1,2.3,15.3
0,203961.0,00,0.0,89.0,58.0,25.0,2.7,5.0,0.535,0.1,0.3,0.333,1.8,3.3,0.531,2.4,6.2,8.6,1.3,0.8,2.1,1.8,2.4,7.2
0,202694.0,00,0.0,109.0,91.0,24.0,4.7,8.4,0.555,0.4,1.1,0.358,2.9,4.3,0.66,2.4,3.8,6.2,1.3,0.9,0.4,1.6,2.6,12.6
0,202693.0,00,0.0,109.0,44.0,19.3,3.1,5.7,0.553,0.3,0.9,0.404,1.9,2.9,0.653,2.0,4.1,6.1,1.2,0.6,0.9,1.6,2.7,8.5
0,1628420.0,00,0.0,140.0,140.0,33.8,4.5,9.5,0.476,1.1,2.9,0.381,2.0,2.6,0.78,0.8,2.9,3.7,5.5,1.6,0.3,1.2,1.5,12.2
0,1628405.0,00,0.0,102.0,102.0,24.3,4.7,9.0,0.519,0.1,0.5,0.24,2.5,3.9,0.654,2.7,3.7,6.4,1.3,0.4,1.2,2.0,3.0,12.0
0,203498.0,00,0.0,32.0,30.0,30.8,6.3,14.3,0.443,1.3,3.3,0.377,4.0,5.6,0.711,2.7,2.5,5.2,0.8,0.7,0.1,1.6,1.7,17.9
0,1627749.0,00,0.0,34.0,34.0,33.5,5.9,14.3,0.416,1.0,3.5,0.288,3.2,4.9,0.663,1.4,4.6,6.0,4.5,1.8,0.3,2.6,3.2,16.1
0,1627750.0,00,0.0,36.0,36.0,35.2,6.8,14.9,0.454,3.1,7.7,0.408,3.3,4.2,0.783,1.5,3.7,5.2,2.2,1.0,0.3,2.3,2.1,20.0
0,203488.0,00,0.0,133.0,119.0,28.7,5.4,10.8,0.501,0.2,0.5,0.313,4.3,5.2,0.819,2.3,6.0,8.2,1.6,0.4,2.0,1.6,2.3,15.3
0,1627846.0,00,0.0,117.0,80.0,24.3,3.7,9.5,0.391,1.1,3.6,0.305,1.8,2.5,0.731,0.9,3.4,4.3,1.1,0.8,0.6,2.5,2.5,10.3
0,1626204.0,00,0.0,123.0,90.0,29.5,4.1,8.0,0.521,0.3,1.0,0.308,2.7,3.5,0.771,1.5,5.1,6.6,1.4,1.1,1.1,1.6,2.3,11.3
0,203894.0,00,0.0,143.0,98.0,32.3,4.2,10.1,0.411,1.8,4.8,0.375,3.6,4.4,0.813,0.7,3.3,4.0,4.5,1.8,0.2,2.4,2.1,13.7
0,2749.0,00,0.0,125.0,125.0,34.5,5.6,12.4,0.454,1.8,5.0,0.365,3.7,4.7,0.786,1.0,3.6,4.6,5.7,2.0,0.1,3.0,2.2,16.8
0,201149.0,00,0.0,108.0,78.0,21.1,3.8,6.2,0.615,0.0,0.0,0.5,2.9,4.2,0.684,2.0,4.4,6.4,1.7,0.9,1.7,1.8,2.0,10.5
0,203457.0,00,0.0,24.0,24.0,31.9,4.1,6.9,0.59,0.0,0.0,,2.3,4.3,0.529,2.7,6.8,9.5,1.6,2.1,4.4,1.9,2.6,10.5
0,203948.0,00,0.0,91.0,79.0,27.1,4.9,10.5,0.468,0.1,0.3,0.231,2.8,4.6,0.619,3.0,4.7,7.7,1.3,0.5,0.8,2.9,2.8,12.7
0,203124.0,00,0.0,129.0,98.0,27.3,4.7,8.6,0.553,0.4,1.6,0.261,2.6,3.8,0.685,2.6,5.9,8.5,0.9,0.5,2.2,2.0,2.9,12.5
0,1628400.0,00,0.0,58.0,58.0,23.1,3.8,8.0,0.479,1.4,3.4,0.415,3.2,4.1,0.785,1.6,3.1,4.6,1.0,0.4,0.3,0.9,1.4,12.3
0,1626143.0,00,0.0,38.0,38.0,30.1,7.3,11.1,0.664,0.0,0.0,,2.6,5.1,0.51,3.5,4.9,8.5,1.3,0.8,1.4,2.5,2.1,17.3
0,203506.0,00,0.0,104.0,75.0,24.6,3.9,7.3,0.538,0.5,1.4,0.338,2.5,3.5,0.716,2.0,3.2,5.2,1.7,1.5,0.5,1.9,2.4,10.7
0,203482.0,00,0.0,101.0,32.0,17.2,3.3,5.6,0.594,0.2,0.7,0.333,2.0,2.8,0.709,1.5,3.1,4.6,1.1,0.5,0.5,1.4,2.0,8.9
0,1627778.0,00,0.0,66.0,55.0,21.0,2.8,4.5,0.619,0.0,0.0,0.0,0.7,1.3,0.547,2.4,4.0,6.4,1.1,0.8,1.6,1.7,2.7,6.2
0,1626162.0,00,0.0,36.0,27.0,21.0,3.1,6.9,0.444,0.9,2.6,0.358,2.2,3.1,0.718,1.1,3.8,5.0,0.8,1.1,0.4,1.2,2.0,9.3
0,1627779.0,00,0.0,141.0,139.0,32.4,4.2,10.4,0.407,2.1,5.7,0.375,2.5,2.9,0.844,0.4,2.4,2.8,4.3,1.4,0.2,1.9,1.7,13.1
0,1627834.0,00,0.0,28.0,5.0,10.5,2.5,3.9,0.636,0.0,0.0,,0.7,1.0,0.655,1.1,1.5,2.6,0.4,0.2,0.6,0.6,1.7,5.7
0,203953.0,00,0.0,35.0,35.0,30.7,6.7,14.3,0.473,1.1,3.0,0.358,4.6,6.1,0.748,3.0,5.7,8.7,1.2,1.1,1.2,2.3,2.4,19.1
0,202718.0,00,0.0,142.0,81.0,27.9,3.7,7.8,0.477,1.1,3.2,0.337,1.7,2.8,0.611,1.9,4.1,6.0,2.4,0.9,0.3,1.6,2.0,10.2
0,202335.0,00,0.0,97.0,97.0,34.0,6.4,10.9,0.585,0.2,0.8,0.329,3.2,4.3,0.734,2.9,5.3,8.2,1.5,0.7,1.6,1.6,2.1,16.1
0,1628383.0,00,0.0,35.0,35.0,25.3,5.7,8.5,0.676,0.2,0.4,0.533,1.3,2.5,0.517,1.7,4.5,6.2,1.2,0.9,1.4,1.7,2.7,12.9
0,101108.0,00,0.0,63.0,62.0,33.5,4.4,9.3,0.472,1.4,2.9,0.47,4.9,5.8,0.838,0.7,3.2,3.9,6.3,2.5,0.2,2.7,2.6,15.0
0,203940.0,00,0.0,138.0,94.0,20.0,3.2,6.2,0.526,0.4,1.1,0.409,2.0,2.7,0.755,1.5,3.8,5.3,0.6,0.6,1.0,1.4,2.2,8.9
0,1626166.0,00,0.0,69.0,69.0,32.4,6.3,14.6,0.432,2.3,6.3,0.359,3.7,4.7,0.781,0.4,3.2,3.7,5.7,1.8,0.5,2.9,2.4,18.5
0,203901.0,00,0.0,100.0,79.0,31.6,5.0,10.3,0.485,0.3,1.1,0.268,3.9,6.5,0.611,1.5,3.6,5.1,4.9,2.0,0.5,3.4,2.3,14.3
0,1627780.0,00,0.0,63.0,61.0,35.3,5.8,12.0,0.485,0.8,2.6,0.302,2.3,3.5,0.652,2.2,5.4,7.7,4.1,2.8,0.8,2.1,2.7,14.7
0,1628409.0,00,0.0,134.0,134.0,31.7,5.9,12.1,0.487,2.2,5.2,0.416,3.6,4.2,0.846,2.0,5.5,7.4,1.5,0.8,0.3,1.9,2.1,17.5
0,203486.0,00,0.0,141.0,100.0,25.8,3.7,6.5,0.574,0.0,0.1,0.2,2.4,4.0,0.583,2.3,5.4,7.7,1.5,0.8,1.4,2.0,2.5,9.8
0,203101.0,00,0.0,135.0,57.0,15.9,1.9,3.5,0.556,0.0,0.0,1.0,0.9,1.5,0.625,1.9,3.0,4.8,0.3,0.5,0.6,1.0,2.3,4.8
0,1627751.0,00,0.0,70.0,70.0,26.9,5.1,7.7,0.658,0.0,0.0,0.0,3.1,5.2,0.607,2.8,5.2,8.0,1.3,0.5,1.7,1.8,2.4,13.3
0,202347.0,00,0.0,136.0,102.0,27.3,4.8,9.5,0.503,0.4,1.2,0.327,3.1,4.1,0.768,2.4,3.2,5.6,1.7,0.8,0.3,1.9,2.5,13.1
0,203490.0,00,0.0,64.0,39.0,32.5,4.6,9.2,0.498,0.9,2.4,0.355,2.8,3.8,0.751,1.9,5.3,7.1,2.1,1.5,0.9,1.3,2.0,12.8
0,1626171.0,00,0.0,70.0,70.0,28.5,5.9,11.2,0.526,0.3,0.9,0.365,2.9,3.9,0.737,3.1,4.7,7.9,1.3,1.1,1.5,1.4,2.0,15.0
0,203939.0,00,0.0,136.0,107.0,26.2,3.8,8.2,0.464,0.2,0.8,0.289,3.0,4.1,0.722,1.7,4.6,6.3,1.8,0.9,0.9,2.1,2.9,10.8
0,1626181.0,00,0.0,141.0,83.0,25.2,3.6,7.7,0.461,0.8,2.5,0.314,1.8,2.5,0.746,0.4,2.6,3.0,1.5,1.1,0.4,1.3,2.0,9.8
0,1627816.0,00,0.0,112.0,62.0,22.1,3.2,5.8,0.551,0.3,0.9,0.302,2.0,2.9,0.686,1.8,3.5,5.3,0.5,0.4,0.7,1.3,2.7,8.6
0,1627752.0,00,0.0,129.0,42.0,20.2,3.6,7.9,0.46,1.0,2.7,0.376,2.0,2.8,0.718,1.6,2.7,4.2,1.1,0.9,0.5,1.7,2.1,10.2
0,1627753.0,00,0.0,42.0,40.0,34.2,5.5,9.0,0.603,0.2,0.4,0.6,4.7,6.2,0.758,2.9,6.8,9.8,1.5,1.1,3.2,1.7,2.6,15.8
0,1628397.0,00,0.0,65.0,65.0,30.6,4.8,8.8,0.544,0.1,0.3,0.409,3.5,5.2,0.666,2.9,6.6,9.5,1.2,0.6,1.1,1.8,3.1,13.2
0,203944.0,00,0.0,40.0,40.0,30.8,4.9,9.8,0.5,0.1,0.5,0.167,5.1,7.2,0.706,3.5,6.9,10.4,1.4,0.5,0.8,2.5,2.3,15.0
0,2216.0,00,0.0,33.0,8.0,19.8,4.2,7.1,0.587,0.0,0.0,0.0,2.4,3.8,0.635,3.1,3.6,6.7,1.0,0.7,0.7,1.6,1.8,10.8
0,200755.0,00,0.0,139.0,134.0,34.0,5.9,13.7,0.433,3.3,8.1,0.406,4.8,5.2,0.912,0.5,2.2,2.7,2.2,1.1,0.1,2.1,1.6,19.9
0,1628432.0,00,0.0,131.0,131.0,28.1,3.3,7.8,0.43,1.5,3.9,0.395,2.0,2.6,0.777,0.7,3.0,3.6,1.6,0.9,0.4,1.4,1.9,10.3
0,203186.0,00,0.0,67.0,54.0,24.7,4.1,7.1,0.574,0.0,0.0,,2.0,4.1,0.5,2.1,4.2,6.3,0.5,0.5,1.7,1.4,2.4,10.2
0,1627781.0,00,0.0,37.0,37.0,34.4,4.1,11.1,0.369,2.1,6.1,0.353,3.1,4.2,0.72,0.5,3.8,4.3,2.1,1.2,0.3,2.1,2.5,13.4
0,203085.0,00,0.0,34.0,33.0,33.2,5.1,11.8,0.433,1.7,4.7,0.365,3.6,5.4,0.658,0.6,2.8,3.4,2.1,1.0,0.0,2.3,2.2,15.5
0,203460.0,00,0.0,105.0,65.0,28.3,3.6,7.1,0.516,0.5,1.4,0.35,1.9,3.2,0.582,2.9,7.0,10.0,1.1,1.6,1.4,1.7,2.6,9.6
0,1628421.0,00,0.0,105.0,105.0,23.0,3.2,7.1,0.45,1.0,2.8,0.336,1.6,2.2,0.714,1.4,3.5,4.9,0.6,0.6,0.6,0.9,2.1,8.9
0,203922.0,00,0.0,76.0,76.0,33.0,4.6,8.8,0.525,0.7,2.4,0.313,2.1,2.9,0.718,1.8,3.1,4.9,1.1,1.0,0.3,1.0,1.3,12.0
0,200765.0,00,0.0,68.0,62.0,28.1,3.7,7.4,0.493,0.4,1.5,0.283,1.9,3.3,0.577,0.8,3.7,4.5,4.2,2.3,0.2,2.2,2.0,9.6
0,201565.0,00,0.0,40.0,39.0,29.2,5.2,10.9,0.477,0.9,2.6,0.337,3.7,5.1,0.712,1.4,3.2,4.5,4.7,1.2,0.4,2.7,1.7,14.9
0,203082.0,00,0.0,69.0,39.0,24.4,4.6,10.1,0.453,1.7,4.6,0.364,1.4,1.8,0.764,1.1,3.5,4.7,1.2,0.9,0.7,1.4,2.4,12.3
0,1626179.0,00,0.0,73.0,45.0,26.8,4.2,10.3,0.408,1.2,3.5,0.331,2.4,3.1,0.772,1.0,3.3,4.3,2.4,1.5,0.1,1.4,1.6,12.0
0,1626156.0,00,0.0,35.0,35.0,33.9,6.6,14.7,0.449,2.7,6.6,0.411,3.4,4.5,0.756,1.0,4.7,5.7,5.0,1.6,0.3,2.9,2.1,19.3
0,1627734.0,00,0.0,74.0,32.0,26.6,5.2,8.2,0.632,0.1,0.2,0.357,3.1,4.2,0.729,2.6,6.8,9.4,1.3,0.5,0.6,2.1,3.0,13.5
0,203960.0,00,0.0,66.0,65.0,30.3,5.8,12.4,0.469,0.0,0.2,0.077,2.2,3.7,0.607,2.1,4.2,6.4,1.1,0.9,1.0,1.8,2.8,13.9
0,203118.0,00,0.0,130.0,106.0,26.6,4.5,8.6,0.521,0.1,0.3,0.364,2.7,3.5,0.775,2.6,4.7,7.3,1.0,0.7,0.4,1.6,2.0,11.8
0,1627782.0,00,0.0,109.0,108.0,29.5,3.9,8.9,0.436,1.5,4.1,0.366,1.8,2.8,0.632,0.9,2.1,3.0,2.6,0.7,0.4,1.9,2.0,11.0
0,201196.0,00,0.0,97.0,94.0,29.2,3.2,7.6,0.417,0.3,0.8,0.313,2.2,3.0,0.74,1.0,3.2,4.2,4.9,1.2,0.1,2.6,1.3,8.8
0,202697.0,00,0.0,92.0,91.0,31.3,4.2,10.6,0.396,1.2,4.0,0.305,3.1,4.1,0.738,1.1,3.4,4.5,4.2,2.3,0.2,3.0,2.7,12.7
0,1627783.0,00,0.0,68.0,61.0,32.7,6.5,11.8,0.551,0.0,0.3,0.176,3.5,5.0,0.711,3.6,6.1,9.7,1.5,0.9,2.6,2.0,1.9,16.5
0,1627732.0,00,0.0,33.0,32.0,34.9,6.5,11.7,0.56,0.0,0.1,0.333,6.0,9.0,0.67,3.1,8.6,11.8,4.8,2.0,0.8,3.4,2.8,19.2
0,203613.0,00,0.0,30.0,29.0,30.1,5.1,10.0,0.512,1.1,2.8,0.386,3.4,4.7,0.716,1.4,3.6,5.0,2.2,0.7,0.4,3.3,2.5,14.7
0,1628424.0,00,0.0,37.0,37.0,23.5,3.0,7.6,0.395,0.9,2.6,0.327,1.9,2.4,0.775,0.4,1.3,1.6,2.0,0.6,0.1,1.2,1.9,8.7
0,202713.0,00,0.0,148.0,147.0,33.0,5.5,12.7,0.433,1.8,5.0,0.363,3.4,4.3,0.773,2.4,4.4,6.9,2.0,1.1,0.7,2.1,2.6,16.2
0,203935.0,00,0.0,64.0,64.0,33.1,4.9,11.9,0.413,1.4,4.6,0.295,5.5,7.3,0.751,1.5,4.4,5.9,4.5,2.9,0.6,3.0,2.9,16.6
0,202397.0,00,0.0,121.0,91.0,30.3,3.8,8.9,0.425,0.5,1.8,0.301,1.1,2.3,0.484,0.6,3.1,3.7,5.1,1.3,0.2,2.9,1.9,9.2
0,201160.0,00,0.0,87.0,70.0,27.9,5.2,9.6,0.548,0.1,0.3,0.308,4.1,5.5,0.751,2.6,5.3,7.9,2.0,0.5,1.7,3.1,3.3,14.7
0,1628372.0,00,0.0,32.0,32.0,34.8,6.0,13.1,0.455,1.7,4.8,0.359,4.5,6.3,0.715,0.8,3.8,4.6,6.2,1.9,0.4,3.4,2.1,18.1
0,203503.0,00,0.0,104.0,77.0,24.8,3.0,7.1,0.421,1.6,4.2,0.38,1.6,1.9,0.821,0.4,2.0,2.4,2.0,0.5,0.3,1.5,1.2,9.2
0,201578.0,00,0.0,69.0,36.0,15.4,4.0,6.2,0.633,0.0,0.0,,1.6,2.3,0.688,1.9,3.6,5.4,0.5,0.3,0.9,1.1,1.7,9.5
0,203917.0,00,0.0,75.0,69.0,32.9,4.3,9.2,0.467,2.3,5.2,0.441,3.2,3.9,0.832,0.5,2.5,2.9,2.3,0.6,0.3,1.5,1.0,14.1
0,202362.0,00,0.0,34.0,32.0,28.2,4.8,10.8,0.44,0.5,2.1,0.219,2.3,3.5,0.664,1.9,3.5,5.4,2.5,0.9,0.2,2.4,1.9,12.3
0,1628410.0,00,0.0,58.0,58.0,26.6,3.5,8.2,0.429,0.6,2.2,0.285,3.7,5.1,0.73,0.5,3.0,3.5,3.8,1.2,0.4,2.2,2.3,11.4
0,1628403.0,00,0.0,69.0,69.0,29.2,5.1,10.2,0.501,0.9,2.3,0.376,3.3,4.4,0.76,2.2,8.2,10.4,2.4,0.4,0.5,3.0,2.5,14.4
0,1628369.0,00,0.0,29.0,29.0,33.3,5.7,12.6,0.452,1.4,4.0,0.342,4.1,4.8,0.849,1.3,6.0,7.3,2.1,1.3,1.1,2.6,3.0,16.8
0,1627819.0,00,0.0,92.0,92.0,30.8,4.5,11.1,0.404,0.4,1.3,0.292,4.3,5.4,0.792,0.4,2.7,3.1,4.5,1.0,0.1,2.3,2.5,13.6
0,201952.0,00,0.0,61.0,52.0,30.9,5.2,11.2,0.462,1.3,3.0,0.421,4.8,5.9,0.812,0.5,2.5,3.0,3.0,1.9,0.6,3.0,2.3,16.4
0,202066.0,00,0.0,134.0,131.0,33.1,2.2,5.9,0.371,0.8,3.0,0.278,1.5,1.9,0.783,0.8,2.9,3.7,3.6,1.4,0.8,2.2,2.6,6.7
0,1891.0,00,0.0,129.0,47.0,25.1,3.8,8.6,0.443,1.5,4.0,0.374,2.3,2.9,0.784,0.4,1.9,2.3,3.8,1.9,0.1,2.4,1.5,11.3
0,202738.0,00,0.0,105.0,104.0,30.4,5.3,12.4,0.426,1.6,4.8,0.325,4.3,6.0,0.713,0.7,2.8,3.5,4.0,1.2,0.1,2.7,2.0,16.4
0,202498.0,00,0.0,140.0,101.0,19.7,1.7,3.2,0.525,0.0,0.0,,1.3,2.1,0.6,1.8,1.8,3.6,0.5,0.6,0.2,1.2,2.8,4.6
0,202691.0,00,0.0,98.0,96.0,34.4,6.1,14.4,0.424,2.5,6.3,0.39,3.2,3.9,0.827,0.9,3.9,4.8,2.6,1.3,0.8,2.9,2.5,17.9
0,202684.0,00,0.0,36.0,34.0,30.9,4.8,8.8,0.546,0.0,0.0,,3.5,7.3,0.487,3.8,4.0,7.8,1.3,0.9,2.4,1.8,2.8,13.1
0,1628414.0,00,0.0,132.0,132.0,31.9,4.5,11.5,0.392,1.4,4.0,0.339,4.3,5.6,0.771,1.6,3.6,5.2,3.0,1.5,0.6,2.5,2.4,14.7
0,201229.0,00,0.0,124.0,93.0,21.5,2.9,5.8,0.491,0.2,0.5,0.333,2.2,3.3,0.671,1.8,3.1,4.9,1.1,0.6,1.1,1.4,2.3,8.1
0,1626157.0,00,0.0,39.0,39.0,21.1,3.7,6.6,0.566,0.1,0.2,0.25,2.8,3.4,0.813,2.4,4.3,6.7,1.1,0.5,2.3,1.4,2.9,10.3
0,200782.0,00,0.0,87.0,69.0,28.9,5.0,9.6,0.526,0.0,0.0,0.5,3.3,4.7,0.711,3.1,5.1,8.2,2.0,1.3,0.3,2.2,2.5,13.4
0,202323.0,00,0.0,101.0,94.0,32.8,5.3,10.6,0.502,0.5,1.5,0.362,3.8,5.0,0.759,1.5,5.3,6.8,4.1,1.6,0.7,3.5,2.7,15.0
0,1626167.0,00,0.0,34.0,7.0,22.2,3.4,7.6,0.455,0.5,1.8,0.274,2.8,3.3,0.839,1.3,5.2,6.5,0.6,0.3,2.6,1.4,2.4,10.1
0,202327.0,00,0.0,103.0,67.0,27.2,3.3,7.0,0.472,0.1,0.4,0.289,1.6,2.5,0.649,2.5,3.8,6.3,1.5,0.8,2.8,1.5,2.2,8.4
0,1627755.0,00,0.0,72.0,35.0,30.1,3.6,8.4,0.427,1.2,3.3,0.371,2.9,3.4,0.846,0.5,1.9,2.4,5.3,1.2,0.1,1.5,1.7,11.3
0,1627756.0,00,0.0,144.0,117.0,29.0,4.0,9.1,0.443,1.8,4.5,0.408,1.5,2.0,0.779,1.1,4.9,5.9,4.4,0.9,0.3,2.2,2.1,11.4
0,1626173.0,00,0.0,23.0,23.0,32.2,6.3,14.3,0.439,2.3,6.1,0.383,3.0,4.3,0.694,0.6,4.2,4.8,1.6,0.8,0.3,2.2,2.3,17.8
0,203943.0,00,0.0,30.0,29.0,26.5,3.8,7.2,0.523,0.5,1.1,0.485,3.2,4.5,0.716,2.4,6.6,9.0,0.6,0.9,1.4,2.1,2.7,11.3
0,202696.0,00,0.0,87.0,67.0,27.7,4.2,8.3,0.509,0.4,1.4,0.303,2.2,2.9,0.746,2.4,5.5,8.0,1.1,0.5,1.1,1.5,2.4,11.1
0,2548.0,00,0.0,65.0,65.0,30.7,7.3,14.8,0.494,0.5,1.5,0.333,4.6,6.2,0.745,2.2,4.3,6.5,3.9,2.3,1.2,3.1,2.4,19.7
0,203079.0,00,0.0,71.0,0.0,20.4,3.5,7.7,0.453,1.0,2.8,0.348,1.8,2.3,0.753,0.4,1.5,1.9,2.0,1.5,0.2,1.1,1.6,9.7
0,202689.0,00,0.0,111.0,77.0,32.9,5.2,12.2,0.428,1.1,3.5,0.326,4.5,5.8,0.783,1.0,3.4,4.4,4.1,1.7,0.3,2.3,1.5,16.1
0,202322.0,00,0.0,37.0,37.0,34.8,5.5,11.8,0.461,1.0,3.1,0.325,4.7,6.3,0.754,0.8,3.5,4.3,6.5,1.8,0.5,4.0,1.9,16.6
0,203933.0,00,0.0,70.0,49.0,31.2,7.5,13.6,0.555,0.6,2.0,0.315,2.8,4.3,0.654,2.7,3.0,5.7,1.0,1.5,0.5,1.7,2.5,18.5
0,2561.0,00,0.0,126.0,126.0,33.4,5.8,10.8,0.531,0.1,0.4,0.321,5.3,6.9,0.757,3.5,6.8,10.4,2.1,1.4,1.8,2.5,2.8,16.9
0,201566.0,00,0.0,75.0,35.0,21.9,3.1,6.6,0.464,0.5,1.3,0.354,1.7,2.4,0.685,0.9,1.5,2.4,2.5,1.0,0.1,1.6,1.7,8.3
0,1628401.0,00,0.0,34.0,34.0,32.8,6.0,11.9,0.507,1.7,4.2,0.396,4.4,5.4,0.813,1.0,3.1,4.1,4.4,1.2,1.4,2.4,2.1,18.1
0,1627785.0,00,0.0,56.0,51.0,30.5,5.1,13.6,0.375,2.1,5.8,0.359,3.5,4.6,0.757,0.7,3.0,3.7,4.5,1.3,1.1,3.4,2.3,15.8
0,202355.0,00,0.0,34.0,23.0,26.1,4.9,9.4,0.524,0.1,0.1,0.6,3.2,5.5,0.588,2.7,6.2,8.9,0.3,0.6,5.4,1.9,2.4,13.1
0,203952.0,00,0.0,35.0,35.0,32.8,5.4,12.1,0.448,1.2,3.6,0.341,5.0,6.5,0.775,2.2,3.7,5.9,1.5,1.2,1.0,2.3,2.7,17.1
0,203912.0,00,0.0,131.0,84.0,28.5,4.9,11.3,0.433,2.3,5.9,0.389,2.3,2.7,0.84,0.8,2.5,3.4,1.6,0.9,0.7,1.4,1.9,14.4
0,1626210.0,00,0.0,112.0,101.0,27.0,5.7,11.6,0.492,0.0,0.0,0.0,4.1,5.8,0.706,3.6,6.4,10.0,1.0,1.0,1.9,1.8,2.8,15.5
0,101107.0,00,0.0,36.0,0.0,22.2,3.5,6.9,0.506,0.5,1.2,0.432,3.8,4.5,0.847,1.8,4.8,6.6,0.7,1.1,0.5,1.6,2.6,11.3
0,1627786.0,00,0.0,99.0,94.0,25.1,4.2,8.0,0.522,0.4,1.2,0.322,2.6,3.6,0.705,1.7,4.2,5.9,1.6,1.0,0.6,2.2,2.0,11.3
0,1628391.0,00,0.0,69.0,69.0,19.4,2.8,5.3,0.525,0.7,2.0,0.363,0.8,1.0,0.817,0.9,2.4,3.3,0.8,0.4,1.0,0.8,1.4,7.1
0,1626159.0,00,0.0,39.0,39.0,29.1,4.4,9.1,0.486,1.2,2.8,0.418,2.6,4.0,0.641,1.3,5.2,6.5,2.1,1.3,0.9,1.8,2.8,12.6
0,203481.0,00,0.0,117.0,77.0,19.8,2.8,4.9,0.568,0.0,0.0,1.0,2.4,3.3,0.726,1.6,3.8,5.4,0.6,0.5,2.7,1.2,1.8,8.0
0,203489.0,00,0.0,128.0,109.0,33.0,6.1,13.5,0.451,1.2,3.6,0.343,5.1,6.3,0.803,0.9,3.8,4.7,5.2,1.5,0.2,2.2,1.8,18.5
0,201148.0,00,0.0,37.0,37.0,27.4,6.2,9.5,0.646,0.0,0.0,,2.4,4.2,0.567,2.1,4.1,6.2,1.0,1.0,1.8,1.6,1.5,14.7
0,1626153.0,00,0.0,68.0,68.0,34.8,5.0,9.3,0.535,0.6,1.9,0.299,4.5,5.5,0.814,1.1,4.7,5.8,5.2,2.3,1.1,2.2,1.6,15.0
0,1627824.0,00,0.0,34.0,17.0,28.7,4.3,7.9,0.539,0.8,1.8,0.426,2.2,2.9,0.765,2.6,4.3,6.8,1.1,1.1,0.4,2.5,1.6,11.5
0,1626202.0,00,0.0,132.0,115.0,32.8,5.9,13.0,0.453,2.2,5.6,0.39,3.5,3.9,0.886,0.6,3.0,3.6,2.7,1.0,0.1,1.7,1.5,17.5
0,201156.0,00,0.0,96.0,90.0,31.1,5.8,11.9,0.484,1.0,2.7,0.368,3.0,3.9,0.764,1.7,3.3,5.1,1.4,0.8,0.3,2.1,2.5,15.5
0,201152.0,00,0.0,31.0,31.0,29.6,5.7,11.9,0.478,1.3,3.0,0.419,1.7,2.3,0.743,2.3,2.5,4.9,2.0,1.3,0.4,2.2,2.0,14.4
0,203469.0,00,0.0,72.0,72.0,29.0,5.5,9.4,0.591,0.0,0.0,0.0,5.0,6.6,0.756,2.6,4.7,7.3,1.3,1.2,1.2,2.0,2.5,16.1
0,203092.0,00,0.0,117.0,76.0,23.1,4.7,8.6,0.542,0.0,0.0,0.0,3.5,4.5,0.777,2.7,4.0,6.7,0.6,0.7,1.1,1.4,2.3,12.8
0,1627835.0,00,0.0,60.0,14.0,18.1,2.3,4.6,0.495,0.8,1.9,0.417,1.6,1.9,0.839,0.7,2.9,3.6,1.4,0.4,0.5,0.9,2.3,6.9
0,1627790.0,00,0.0,54.0,43.0,26.6,5.2,7.9,0.653,0.0,0.0,0.0,4.0,5.6,0.724,2.7,5.9,8.5,0.7,0.2,1.3,2.3,2.4,14.4
0,1627826.0,00,0.0,20.0,11.0,19.9,4.4,8.2,0.534,0.0,0.0,,1.3,1.7,0.765,1.8,2.9,4.7,0.6,0.6,1.3,1.2,2.5,10.0
