,PLAYER_ID,LEAGUE_ID,Team_ID,GP,GS,MIN,FGM,FGA,FG_PCT,FG3M,FG3A,FG3_PCT,FTM,FTA,FT_PCT,OREB,DREB,REB,AST,STL,BLK,TOV,PF,PTS
0,203518.0,00,0.0,80.0,6.0,15.7,1.9,4.8,0.394,1.3,3.5,0.379,0.6,0.7,0.893,0.3,1.0,1.3,0.6,0.6,0.1,0.5,1.8,5.7
0,203112.0,00,0.0,267.0,52.0,15.3,1.7,3.7,0.476,0.4,1.0,0.364,0.9,1.2,0.752,1.0,2.5,3.5,0.6,0.4,0.4,0.6,1.9,4.8
0,203500.0,00,0.0,322.0,258.0,23.9,3.1,5.4,0.572,0.0,0.0,0.0,1.5,2.5,0.576,2.7,3.8,6.5,0.8,0.7,1.0,1.3,2.7,7.7
0,1628389.0,00,0.0,8.0,3.0,14.0,1.4,2.9,0.478,0.0,0.0,0.0,1.0,1.4,0.727,1.8,2.6,4.4,0.0,0.5,0.5,0.4,1.5,3.8
0,201167.0,00,0.0,718.0,534.0,28.2,4.1,9.0,0.451,1.2,3.0,0.386,1.9,2.3,0.824,0.5,2.5,3.0,1.9,0.5,0.2,1.2,2.0,11.2
0,201582.0,00,0.0,293.0,76.0,13.3,2.2,4.4,0.503,0.0,0.1,0.286,0.9,1.1,0.797,1.2,2.7,3.9,0.5,0.3,0.6,0.8,2.3,5.3
0,202332.0,00,0.0,322.0,23.0,10.4,1.3,2.5,0.53,0.0,0.0,0.0,0.6,0.7,0.746,1.0,2.4,3.5,0.6,0.4,0.7,0.6,1.6,3.2
0,200746.0,00,0.0,807.0,766.0,34.7,7.8,16.0,0.487,0.1,0.4,0.295,3.5,4.3,0.802,2.6,5.7,8.3,1.9,0.8,1.0,1.6,2.5,19.1
0,1628386.0,00,0.0,6.0,0.0,15.0,1.5,3.7,0.409,0.0,0.2,0.0,1.0,1.7,0.6,1.0,1.7,2.7,0.3,1.0,1.0,0.5,2.0,4.0
0,2754.0,00,0.0,810.0,441.0,22.2,3.2,6.7,0.475,0.2,0.5,0.28,1.7,2.3,0.709,1.2,2.3,3.5,1.3,1.4,0.4,1.4,2.4,8.2
0,202329.0,00,0.0,528.0,289.0,24.2,2.7,6.3,0.426,0.6,1.8,0.327,1.3,1.8,0.727,1.4,4.3,5.7,1.2,0.9,0.6,1.3,1.9,7.3
0,1626147.0,00,0.0,138.0,19.0,14.3,2.0,4.8,0.417,0.6,2.2,0.297,1.1,1.4,0.787,0.7,2.2,2.9,0.7,0.5,0.4,0.7,1.2,5.7
0,203937.0,00,0.0,196.0,46.0,15.1,1.6,3.5,0.449,0.2,0.5,0.34,0.7,0.9,0.753,0.4,2.7,3.1,1.4,0.7,0.4,0.6,1.1,4.0
0,201583.0,00,0.0,569.0,244.0,26.5,4.5,10.7,0.423,2.1,5.6,0.381,1.9,2.2,0.861,2.0,3.4,5.4,0.9,0.5,0.4,1.0,2.0,13.1
0,1628387.0,00,0.0,5.0,0.0,2.7,0.2,0.6,0.333,0.0,0.0,0.0,0.4,0.4,1.0,0.4,0.2,0.6,0.0,0.2,0.2,0.4,0.2,0.8
0,203507.0,00,0.0,330.0,265.0,32.0,5.7,11.3,0.504,0.4,1.4,0.278,3.7,5.1,0.742,1.4,5.6,7.0,3.6,1.1,1.3,2.4,3.0,15.5
0,2546.0,00,0.0,988.0,988.0,36.2,8.8,19.5,0.451,1.2,3.5,0.346,5.9,7.2,0.813,1.8,4.8,6.6,3.1,1.1,0.5,2.8,2.9,24.7
0,1628384.0,00,0.0,11.0,0.0,16.4,2.0,4.9,0.407,1.0,2.6,0.379,0.6,1.2,0.538,0.8,1.5,2.4,1.4,0.9,0.1,0.4,1.5,5.6
0,1627853.0,00,0.0,1.0,0.0,5.3,0.0,2.0,0.0,0.0,2.0,0.0,0.0,0.0,0.0,0.0,0.0,0.0,1.0,0.0,0.0,0.0,1.0,0.0
0,2772.0,00,0.0,886.0,585.0,29.3,3.8,8.9,0.425,1.3,3.8,0.349,1.6,2.2,0.718,1.1,3.8,4.8,2.1,1.5,0.3,1.4,2.0,10.4
0,201589.0,00,0.0,486.0,105.0,18.2,2.8,6.3,0.443,0.3,0.9,0.349,0.7,1.0,0.766,1.1,2.5,3.6,0.8,0.6,0.6,0.8,2.5,6.6
0,201600.0,00,0.0,453.0,262.0,19.9,2.1,3.9,0.529,0.0,0.0,0.0,1.3,2.3,0.554,2.3,5.1,7.3,0.6,0.4,0.7,1.2,2.0,5.4
0,201571.0,00,0.0,659.0,196.0,23.6,3.1,7.7,0.402,1.2,3.3,0.371,2.1,2.5,0.862,0.3,1.5,1.8,3.8,0.6,0.0,1.5,1.5,9.5
0,202337.0,00,0.0,344.0,97.0,14.2,1.7,4.2,0.411,1.0,2.5,0.408,0.3,0.4,0.737,0.3,2.0,2.3,0.6,0.2,0.2,0.5,1.4,4.8
0,1628407.0,00,0.0,12.0,6.0,23.9,2.5,6.4,0.39,0.8,2.0,0.375,0.6,0.8,0.778,0.0,4.8,4.8,1.2,0.5,0.2,0.8,2.0,6.3
0,1627758.0,00,0.0,55.0,13.0,16.5,1.5,4.1,0.375,0.5,1.6,0.281,0.6,1.0,0.623,0.2,1.6,1.8,2.1,0.7,0.1,1.1,1.4,4.1
0,1627735.0,00,0.0,33.0,1.0,12.3,1.1,3.5,0.313,0.1,0.7,0.136,0.9,1.1,0.838,0.3,1.1,1.4,1.8,0.5,0.2,1.2,1.2,3.2
0,1628366.0,00,0.0,13.0,13.0,33.5,3.8,12.0,0.314,1.2,4.9,0.25,0.9,1.8,0.5,1.2,5.7,6.8,7.4,1.3,1.1,2.6,1.8,9.7
0,200826.0,00,0.0,708.0,92.0,19.4,3.3,7.8,0.423,0.9,2.6,0.353,1.1,1.4,0.798,0.3,1.7,2.0,3.6,0.4,0.0,1.5,1.4,8.7
0,203084.0,00,0.0,399.0,338.0,29.8,4.6,10.2,0.453,1.0,2.6,0.369,1.9,2.5,0.774,1.1,3.7,4.8,1.5,0.7,0.2,1.1,1.8,12.2
0,203115.0,00,0.0,327.0,26.0,20.5,3.4,8.0,0.429,0.8,2.5,0.331,1.6,2.1,0.778,0.6,3.0,3.6,1.9,0.7,0.3,1.2,1.3,9.3
0,201587.0,00,0.0,628.0,575.0,31.7,4.3,9.8,0.436,1.6,4.6,0.357,1.9,2.3,0.84,1.1,4.2,5.3,3.7,0.9,0.7,1.9,1.8,12.1
0,201573.0,00,0.0,522.0,89.0,21.4,3.0,7.2,0.415,0.8,2.3,0.368,1.8,2.2,0.825,0.3,1.9,2.1,2.9,0.6,0.1,1.5,2.1,8.6
0,203382.0,00,0.0,308.0,33.0,14.3,2.1,4.1,0.513,0.0,0.0,0.125,1.1,1.4,0.803,1.5,2.7,4.2,0.6,0.2,0.4,0.8,2.0,5.3
0,203145.0,00,0.0,364.0,170.0,19.0,2.8,6.5,0.421,0.9,2.5,0.347,1.2,1.7,0.697,0.3,2.5,2.8,1.6,0.9,0.4,1.3,1.7,7.6
0,203078.0,00,0.0,336.0,302.0,33.3,6.6,14.9,0.444,2.0,5.1,0.398,2.6,3.3,0.797,0.8,2.8,3.6,3.1,1.0,0.3,1.9,2.1,17.9
0,1627736.0,00,0.0,36.0,1.0,7.8,1.3,3.0,0.435,0.4,1.3,0.289,0.2,0.4,0.615,0.3,0.8,1.1,0.5,0.2,0.0,0.4,0.6,3.2
0,201563.0,00,0.0,519.0,207.0,23.3,5.1,11.0,0.458,0.5,1.4,0.344,1.8,2.4,0.757,1.1,3.6,4.6,1.3,0.6,0.5,1.7,2.2,12.4
0,201158.0,00,0.0,657.0,216.0,23.2,3.4,8.1,0.424,1.3,3.5,0.379,1.5,1.8,0.833,0.2,1.8,2.1,1.7,0.6,0.1,1.0,1.5,9.7
0,1628395.0,00,0.0,11.0,0.0,8.9,1.7,2.5,0.704,0.0,0.0,0.0,0.0,0.1,0.0,0.8,1.5,2.3,1.0,0.5,0.5,0.6,1.6,3.5
0,1627761.0,00,0.0,39.0,1.0,10.0,1.3,2.7,0.481,0.0,0.5,0.053,0.2,0.4,0.375,0.4,1.3,1.7,0.7,0.3,0.2,0.5,0.5,2.7
0,1627733.0,00,0.0,57.0,0.0,15.2,1.4,4.0,0.358,0.8,2.6,0.293,0.2,0.4,0.6,0.5,2.3,2.8,0.6,0.2,0.6,0.8,1.7,3.8
0,202722.0,00,0.0,76.0,6.0,11.4,1.5,3.4,0.441,1.0,2.5,0.403,0.4,0.5,0.795,0.3,1.1,1.4,0.7,0.3,0.4,0.4,1.1,4.4
0,201976.0,00,0.0,301.0,250.0,28.6,3.4,8.1,0.413,1.7,4.4,0.376,1.0,1.3,0.767,1.2,2.8,4.1,3.4,1.3,0.4,1.4,3.1,9.4
0,203920.0,00,0.0,2.0,0.0,3.1,0.5,1.5,0.333,0.0,0.0,0.0,0.0,0.0,0.0,1.0,0.0,1.0,0.5,0.0,0.0,0.0,1.5,1.0
0,1628444.0,00,0.0,2.0,0.0,8.2,0.0,0.5,0.0,0.0,0.5,0.0,1.5,2.5,0.6,0.0,0.5,0.5,0.0,0.0,0.0,0.0,0.5,1.5
0,202687.0,00,0.0,460.0,185.0,21.2,1.8,3.5,0.51,0.0,0.0,0.0,1.3,2.3,0.554,2.0,4.5,6.5,0.4,0.3,1.5,0.9,2.3,4.8
0,202357.0,00,0.0,137.0,1.0,17.9,2.1,4.7,0.454,0.9,2.4,0.361,0.7,0.9,0.75,0.8,2.8,3.6,1.2,0.5,0.3,0.9,2.4,5.9
0,204028.0,00,0.0,177.0,55.0,16.1,2.1,3.8,0.544,0.0,0.0,0.25,1.0,1.6,0.618,1.9,3.1,5.0,0.6,0.4,0.5,0.7,2.4,5.2
0,1628469.0,00,0.0,1.0,0.0,1.2,1.0,1.0,1.0,0.0,0.0,0.0,0.0,0.0,0.0,0.0,0.0,0.0,0.0,0.0,0.0,0.0,0.0,2.0
0,202339.0,00,0.0,423.0,261.0,27.1,4.6,10.3,0.443,0.9,2.6,0.331,3.1,3.9,0.799,0.8,3.0,3.8,4.6,1.4,0.5,2.7,2.0,13.1
0,203505.0,00,0.0,7.0,1.0,15.1,1.7,5.1,0.333,0.3,1.6,0.182,0.4,1.4,0.3,0.3,1.6,1.9,1.3,0.4,0.0,1.3,0.9,4.1
0,203992.0,00,0.0,9.0,7.0,23.7,3.9,8.6,0.455,0.9,2.8,0.32,1.2,1.2,1.0,0.4,2.0,2.4,1.6,1.1,0.7,1.2,1.7,9.9
0,202711.0,00,0.0,251.0,134.0,25.6,4.1,9.2,0.447,1.5,4.2,0.373,1.7,2.0,0.859,0.5,2.6,3.2,1.2,0.4,0.1,1.4,1.6,11.5
0,101106.0,00,0.0,678.0,651.0,28.9,4.4,8.2,0.534,0.0,0.0,0.12,1.2,2.2,0.556,2.5,6.3,8.8,2.2,0.6,1.6,1.7,3.1,9.9
0,1627762.0,00,0.0,12.0,0.0,4.4,0.8,1.3,0.563,0.1,0.3,0.25,0.3,0.5,0.5,0.3,1.1,1.4,0.2,0.1,0.2,0.2,0.1,1.8
0,1626164.0,00,0.0,168.0,143.0,31.6,6.4,15.1,0.426,1.6,4.6,0.356,3.9,4.6,0.842,0.5,2.5,3.0,3.1,0.8,0.3,2.6,3.0,18.4
0,202344.0,00,0.0,473.0,155.0,21.0,3.0,5.8,0.515,0.1,0.5,0.313,1.0,1.6,0.623,2.0,3.7,5.7,1.1,0.7,0.5,1.1,2.0,7.1
0,202340.0,00,0.0,425.0,352.0,28.2,4.9,11.2,0.442,1.3,3.5,0.368,1.1,1.4,0.772,0.7,2.4,3.1,1.7,1.1,0.2,1.4,2.1,12.2
0,1628396.0,00,0.0,1.0,0.0,5.7,0.0,1.0,0.0,0.0,0.0,0.0,0.0,0.0,0.0,0.0,1.0,1.0,0.0,0.0,0.0,0.0,0.0,0.0
0,201147.0,00,0.0,724.0,290.0,23.8,3.4,8.1,0.423,0.6,2.2,0.282,1.6,2.2,0.712,0.8,2.1,2.9,1.6,1.3,0.3,1.2,2.2,9.1
0,1627763.0,00,0.0,86.0,37.0,27.3,4.1,8.9,0.464,1.2,2.8,0.421,1.5,1.7,0.86,0.6,2.3,2.8,4.2,1.1,0.2,1.5,2.0,10.9
0,201166.0,00,0.0,618.0,182.0,21.5,3.6,8.8,0.413,1.3,3.5,0.37,1.5,1.8,0.838,0.4,1.3,1.7,3.1,0.6,0.1,1.6,1.9,10.0
0,1628415.0,00,0.0,12.0,4.0,29.5,3.3,7.6,0.44,0.7,2.4,0.276,1.2,1.7,0.7,0.7,3.8,4.4,1.2,1.3,0.5,1.8,3.7,8.5
0,1626148.0,00,0.0,40.0,11.0,18.9,1.4,4.4,0.324,0.7,2.4,0.278,0.4,0.5,0.85,0.4,2.2,2.6,0.7,0.5,0.2,0.5,1.2,4.0
0,201628.0,00,0.0,146.0,2.0,11.3,1.8,4.7,0.383,0.6,2.0,0.323,0.3,0.4,0.817,0.2,0.5,0.7,1.5,0.3,0.0,0.8,1.0,4.6
0,1627759.0,00,0.0,91.0,33.0,19.3,2.8,6.3,0.447,0.7,2.1,0.351,1.3,2.0,0.661,0.7,2.8,3.5,0.8,0.5,0.2,1.0,1.9,7.7
0,203485.0,00,0.0,63.0,7.0,13.2,1.4,3.7,0.369,0.2,1.0,0.152,0.4,0.6,0.667,0.3,1.3,1.7,2.3,0.7,0.2,0.9,1.1,3.3
0,1628425.0,00,0.0,3.0,0.0,5.4,0.7,1.7,0.4,0.3,0.7,0.5,0.0,0.0,0.0,0.0,0.7,0.7,0.7,0.3,0.0,0.3,0.7,1.7
0,1627852.0,00,0.0,58.0,2.0,9.2,0.9,2.5,0.364,0.5,1.7,0.299,0.3,0.4,0.773,0.4,1.2,1.7,0.8,0.3,0.1,0.4,0.7,2.6
0,203493.0,00,0.0,154.0,9.0,11.4,1.1,2.9,0.388,0.6,1.7,0.345,0.2,0.3,0.773,0.3,1.3,1.6,0.5,0.3,0.1,0.3,0.6,3.0
0,202692.0,00,0.0,313.0,42.0,21.7,3.4,8.1,0.428,0.6,1.7,0.366,2.4,3.2,0.754,0.7,2.2,2.9,1.7,0.6,0.2,1.4,1.9,9.9
0,202710.0,00,0.0,409.0,304.0,32.4,5.0,11.3,0.447,0.8,2.5,0.337,4.6,5.6,0.829,1.4,3.4,4.8,3.2,1.5,0.4,1.4,1.4,15.6
0,202779.0,00,0.0,20.0,0.0,13.4,1.7,4.4,0.375,0.6,1.4,0.429,0.9,1.0,0.895,0.3,1.5,1.8,1.2,0.6,0.0,1.1,0.7,4.8
0,203998.0,00,0.0,25.0,1.0,4.5,0.4,1.7,0.262,0.2,0.7,0.278,0.0,0.0,0.0,0.3,0.3,0.6,0.2,0.2,0.1,0.4,0.4,1.1
0,101181.0,00,0.0,795.0,560.0,27.8,3.7,7.7,0.473,1.1,2.7,0.409,1.1,1.3,0.875,0.3,2.2,2.5,6.2,0.8,0.1,1.6,1.7,9.5
0,203484.0,00,0.0,325.0,285.0,30.4,4.3,10.5,0.405,1.5,4.6,0.332,1.6,2.0,0.783,0.7,2.4,3.1,1.6,1.2,0.2,1.0,1.9,11.7
0,203477.0,00,0.0,186.0,60.0,20.2,2.7,7.3,0.367,1.7,4.7,0.352,1.3,1.6,0.828,0.3,1.5,1.8,1.6,0.6,0.1,1.0,1.5,8.4
0,203991.0,00,0.0,167.0,107.0,20.6,4.1,6.5,0.621,0.0,0.0,0.0,1.2,2.7,0.454,2.6,4.6,7.2,0.8,0.6,1.2,1.0,2.5,9.3
0,201960.0,00,0.0,426.0,270.0,23.1,3.0,6.8,0.442,1.0,2.7,0.362,1.2,1.7,0.729,1.1,2.7,3.9,1.1,1.0,0.3,0.7,2.0,8.2
0,1713.0,00,0.0,1356.0,969.0,31.9,6.6,15.0,0.437,1.5,4.1,0.373,3.5,4.4,0.799,1.2,3.4,4.5,3.3,1.1,0.6,1.8,2.7,18.1
0,203487.0,00,0.0,238.0,189.0,29.8,4.9,11.9,0.406,0.5,2.0,0.252,2.6,3.8,0.695,1.0,4.1,5.1,5.4,1.5,0.6,3.0,2.7,12.8
0,1627936.0,00,0.0,2.0,0.0,9.5,0.5,1.0,0.5,0.0,0.0,0.0,0.0,0.0,0.0,0.0,1.0,1.0,2.0,0.0,0.0,1.0,0.0,1.0
0,201956.0,00,0.0,509.0,138.0,21.2,3.0,6.8,0.445,0.9,2.5,0.369,1.3,1.9,0.678,0.8,3.2,4.1,1.2,0.6,0.2,1.1,1.6,8.2
0,1626161.0,00,0.0,153.0,72.0,20.4,3.2,5.9,0.541,0.0,0.0,0.0,1.3,2.0,0.661,1.6,3.4,5.0,0.9,0.7,0.8,0.8,2.1,7.7
0,1628463.0,00,0.0,4.0,0.0,2.9,0.3,0.5,0.5,0.3,0.5,0.5,0.0,0.0,0.0,0.0,0.8,0.8,0.0,0.0,0.0,0.0,0.5,0.8
0,201596.0,00,0.0,592.0,391.0,27.2,3.0,7.2,0.419,1.2,3.4,0.356,1.7,2.2,0.784,0.3,2.1,2.5,3.8,1.5,0.2,1.9,2.7,9.0
0,2199.0,00,0.0,1045.0,841.0,28.4,3.2,5.5,0.594,0.0,0.0,0.0,2.2,3.4,0.647,3.2,6.2,9.4,0.8,0.6,1.2,1.5,2.9,8.7
0,201163.0,00,0.0,529.0,389.0,31.1,5.4,12.1,0.444,1.3,3.9,0.338,1.8,2.3,0.769,1.2,4.2,5.4,1.8,0.7,0.7,1.5,2.8,13.8
0,1627737.0,00,0.0,96.0,86.0,21.2,3.3,7.5,0.445,0.9,2.7,0.335,1.3,2.1,0.635,1.1,3.3,4.4,0.8,0.8,0.9,1.3,3.3,8.9
0,203546.0,00,0.0,208.0,1.0,11.1,1.8,4.0,0.448,0.6,1.7,0.362,0.4,0.6,0.788,0.2,1.0,1.2,1.0,0.4,0.1,0.6,0.9,4.6
0,203903.0,00,0.0,233.0,136.0,28.7,5.5,12.5,0.444,1.2,3.6,0.337,2.0,2.4,0.805,0.9,2.5,3.4,2.8,1.0,0.1,1.8,1.9,14.3
0,1628492.0,00,0.0,6.0,0.0,9.3,0.8,2.5,0.333,0.8,2.2,0.385,0.0,0.0,0.0,0.2,1.0,1.2,0.5,0.3,0.0,0.2,1.2,2.5
0,1628381.0,00,0.0,13.0,0.0,20.9,4.0,8.1,0.495,0.0,0.1,0.0,2.2,3.0,0.744,3.2,4.2,7.3,0.7,0.4,1.2,1.3,3.8,10.2
0,1628380.0,00,0.0,3.0,0.0,8.5,0.0,2.3,0.0,0.0,0.7,0.0,0.0,0.0,0.0,0.7,0.3,1.0,0.3,0.0,0.0,0.3,2.3,0.0
0,201954.0,00,0.0,576.0,390.0,29.6,4.7,10.0,0.469,0.8,2.2,0.378,2.5,2.9,0.853,0.5,2.2,2.6,4.9,1.1,0.1,2.1,1.7,12.7
0,2555.0,00,0.0,896.0,177.0,20.7,2.5,4.6,0.533,0.0,0.1,0.208,1.0,1.4,0.726,2.0,3.3,5.2,1.0,0.5,0.5,1.0,2.8,5.9
0,201144.0,00,0.0,717.0,687.0,32.5,5.1,11.6,0.442,1.3,3.4,0.377,2.7,3.3,0.815,0.4,2.5,2.9,5.7,1.5,0.2,2.0,2.0,14.3
0,1626192.0,00,0.0,85.0,1.0,8.4,0.9,2.2,0.418,0.5,1.2,0.414,0.2,0.3,0.875,0.3,1.1,1.3,0.6,0.1,0.0,0.4,0.6,2.6
0,1626188.0,00,0.0,15.0,0.0,13.4,2.3,4.5,0.507,0.7,1.7,0.423,0.1,0.3,0.4,0.1,0.4,0.5,1.7,0.3,0.0,0.9,0.9,5.4
0,1628429.0,00,0.0,1.0,0.0,2.9,1.0,4.0,0.25,0.0,2.0,0.0,0.0,0.0,0.0,0.0,0.0,0.0,0.0,1.0,0.0,0.0,0.0,2.0
0,204022.0,00,0.0,16.0,0.0,5.4,0.6,1.4,0.409,0.0,0.0,0.0,0.6,1.3,0.429,0.6,0.9,1.6,0.1,0.4,0.2,0.2,1.4,1.7
0,1627856.0,00,0.0,1.0,0.0,10.6,1.0,1.0,1.0,0.0,0.0,0.0,0.0,0.0,0.0,0.0,5.0,5.0,0.0,0.0,2.0,0.0,3.0,2.0
0,202326.0,00,0.0,500.0,478.0,32.1,7.7,16.7,0.459,0.5,1.5,0.331,5.6,7.5,0.737,2.9,8.0,10.9,3.1,1.4,1.2,3.5,3.9,21.4
0,203496.0,00,0.0,223.0,177.0,28.6,4.2,10.5,0.398,2.3,6.5,0.362,2.1,2.6,0.808,1.1,4.5,5.6,1.4,1.6,0.7,1.9,3.0,12.9
0,203459.0,00,0.0,239.0,30.0,22.9,3.1,6.8,0.45,1.3,3.2,0.405,1.0,1.2,0.851,0.2,2.2,2.4,1.1,0.6,0.2,0.7,2.0,8.4
0,2037.0,00,0.0,1194.0,433.0,30.4,5.3,12.9,0.41,1.7,4.9,0.35,2.9,3.4,0.862,0.4,2.0,2.3,3.5,0.9,0.2,1.9,1.6,15.2
0,202348.0,00,0.0,278.0,99.0,24.6,4.6,11.2,0.411,1.2,3.7,0.316,1.9,2.3,0.825,0.6,2.0,2.5,3.2,0.7,0.1,1.9,1.6,12.3
0,203109.0,00,0.0,396.0,196.0,23.3,3.1,7.1,0.433,1.2,3.4,0.345,1.5,1.9,0.787,0.7,3.1,3.8,1.4,1.0,0.3,0.8,1.9,8.9
0,201967.0,00,0.0,591.0,162.0,21.5,2.6,5.6,0.469,0.2,0.7,0.323,0.6,0.9,0.643,1.2,2.6,3.8,0.7,0.7,0.5,0.5,1.8,6.1
0,203552.0,00,0.0,118.0,51.0,23.4,3.7,7.9,0.473,1.6,3.7,0.432,1.1,1.3,0.844,0.3,1.8,2.1,2.2,0.9,0.1,1.1,1.4,10.2
0,201939.0,00,0.0,587.0,581.0,34.6,8.0,16.8,0.476,3.3,7.7,0.436,3.5,3.9,0.903,0.7,3.7,4.4,6.8,1.8,0.2,3.2,2.5,22.9
0,203584.0,00,0.0,176.0,4.0,13.2,2.1,5.3,0.4,1.5,3.8,0.408,0.4,0.5,0.775,0.2,0.9,1.2,0.6,0.2,0.0,0.6,1.1,6.1
0,203076.0,00,0.0,347.0,342.0,34.5,8.5,16.6,0.515,0.3,0.9,0.301,5.2,6.6,0.787,2.5,7.7,10.2,1.8,1.3,2.4,1.8,2.4,22.5
0,1627738.0,00,0.0,38.0,0.0,6.5,0.7,1.3,0.51,0.0,0.0,0.0,0.3,0.5,0.556,0.5,1.2,1.7,0.1,0.1,0.4,0.2,1.1,1.6
0,202334.0,00,0.0,493.0,94.0,20.8,2.8,5.0,0.56,0.0,0.0,0.0,1.1,2.0,0.572,2.3,4.1,6.4,0.8,0.5,0.9,0.8,2.5,6.8
0,201942.0,00,0.0,606.0,594.0,34.1,6.9,15.4,0.447,0.4,1.4,0.282,5.2,6.3,0.828,0.8,3.3,4.1,2.8,1.0,0.3,2.0,2.3,19.4
0,203473.0,00,0.0,237.0,91.0,15.2,1.9,3.3,0.57,0.0,0.1,0.333,0.8,1.2,0.681,1.6,3.7,5.3,0.4,0.4,0.8,0.8,2.2,4.6
0,1626155.0,00,0.0,89.0,2.0,16.7,2.4,5.0,0.471,0.7,2.2,0.318,0.4,0.8,0.557,1.1,2.3,3.3,0.9,0.5,0.2,0.5,1.0,5.9
0,1627098.0,00,0.0,84.0,4.0,17.4,2.0,5.3,0.38,0.4,1.6,0.28,1.0,1.3,0.785,0.2,1.6,1.8,2.6,0.6,0.0,1.3,1.5,5.5
0,203521.0,00,0.0,303.0,86.0,22.3,2.2,5.6,0.393,1.0,2.7,0.389,0.7,0.9,0.834,0.4,1.5,1.9,3.7,0.5,0.1,1.3,2.1,6.2
0,2736.0,00,0.0,880.0,826.0,34.7,5.8,12.7,0.455,0.7,2.2,0.332,2.7,3.6,0.77,1.6,4.5,6.1,2.3,1.0,0.5,1.6,1.7,15.0
0,1627767.0,00,0.0,24.0,0.0,11.0,1.9,3.8,0.489,0.0,0.0,0.0,0.7,1.0,0.68,1.2,2.8,4.0,0.2,0.2,0.3,0.4,1.2,4.5
0,203476.0,00,0.0,308.0,185.0,26.2,3.4,6.6,0.511,0.1,0.3,0.333,2.0,2.5,0.785,2.3,4.9,7.1,1.6,0.9,1.2,1.4,2.6,8.8
0,203915.0,00,0.0,117.0,21.0,18.9,2.1,5.3,0.388,0.6,1.8,0.319,1.7,2.2,0.787,0.4,1.9,2.3,3.2,0.7,0.2,1.0,1.8,6.4
0,1628416.0,00,0.0,6.0,0.0,5.6,0.5,1.7,0.3,0.3,1.2,0.286,0.3,0.3,1.0,0.0,0.5,0.5,0.3,0.0,0.0,0.7,0.2,1.7
0,1628422.0,00,0.0,7.0,0.0,7.6,1.4,2.9,0.5,0.3,1.0,0.286,0.1,0.1,1.0,0.3,1.4,1.7,0.6,0.0,0.0,0.4,0.7,3.3
0,201609.0,00,0.0,659.0,423.0,27.7,5.0,10.5,0.471,1.1,3.0,0.363,2.4,3.2,0.757,0.8,2.2,3.0,4.8,1.0,0.2,2.3,2.3,13.5
0,203083.0,00,0.0,397.0,347.0,29.9,5.8,10.5,0.548,0.0,0.0,0.263,1.8,4.6,0.388,4.7,8.3,12.9,0.8,1.3,1.5,1.6,3.1,13.3
0,201162.0,00,0.0,745.0,260.0,23.9,3.0,6.4,0.469,1.1,2.7,0.397,1.2,1.6,0.731,1.0,2.4,3.4,1.6,0.9,0.2,0.9,1.9,8.2
0,1627739.0,00,0.0,85.0,7.0,17.8,1.8,4.6,0.387,0.3,1.1,0.286,0.5,0.8,0.615,0.3,2.0,2.3,2.5,1.1,0.5,1.3,2.4,4.3
0,201142.0,00,0.0,715.0,715.0,37.3,9.2,18.8,0.488,1.8,4.7,0.381,7.0,7.9,0.882,0.8,6.4,7.2,3.8,1.2,1.1,3.2,1.9,27.2
0,1627740.0,00,0.0,24.0,2.0,8.7,1.5,4.0,0.368,0.6,2.1,0.3,0.2,0.4,0.556,0.4,2.0,2.3,0.4,0.1,0.0,0.8,0.5,3.8
0,201961.0,00,0.0,527.0,125.0,20.1,2.8,6.8,0.411,1.2,3.1,0.377,0.7,0.8,0.85,0.3,1.8,2.1,1.1,0.5,0.1,0.7,1.1,7.5
0,203954.0,00,0.0,41.0,41.0,26.0,6.7,14.2,0.472,1.0,3.1,0.336,5.7,7.3,0.785,1.9,6.5,8.4,2.4,1.0,2.2,4.0,3.5,20.1
0,203898.0,00,0.0,140.0,10.0,12.2,1.7,4.0,0.417,0.4,1.1,0.333,0.4,0.5,0.786,0.2,0.9,1.2,1.9,0.5,0.1,1.0,1.2,4.1
0,203516.0,00,0.0,160.0,48.0,20.3,2.1,4.7,0.453,0.7,2.0,0.374,1.3,1.6,0.805,1.0,2.3,3.3,0.9,0.6,0.3,0.8,2.0,6.3
0,1628393.0,00,0.0,5.0,0.0,12.0,1.4,4.0,0.35,0.4,0.6,0.667,1.8,2.0,0.9,0.2,1.2,1.4,0.8,0.4,0.0,0.8,1.4,5.0
0,201936.0,00,0.0,485.0,376.0,32.1,6.1,13.7,0.445,0.7,2.3,0.302,3.3,4.3,0.758,0.9,3.9,4.8,5.1,1.3,0.4,2.6,2.3,16.2
0,203957.0,00,0.0,148.0,67.0,20.6,2.0,5.3,0.385,0.9,2.8,0.308,0.5,0.7,0.743,0.4,1.4,1.8,2.1,0.4,0.2,1.3,2.0,5.4
0,202702.0,00,0.0,420.0,365.0,25.4,4.7,8.6,0.545,0.0,0.0,0.105,2.3,3.5,0.653,3.1,5.2,8.4,1.0,0.8,0.9,1.4,2.5,11.7
0,202324.0,00,0.0,492.0,302.0,25.8,4.6,9.0,0.511,0.0,0.1,0.195,2.2,3.3,0.664,2.4,4.7,7.1,1.1,0.8,1.3,1.5,2.8,11.4
0,1627770.0,00,0.0,51.0,0.0,9.8,1.6,4.2,0.37,0.2,0.7,0.27,0.8,1.1,0.737,0.1,0.9,1.0,1.5,0.4,0.1,0.9,1.0,4.2
0,1626245.0,00,0.0,108.0,4.0,14.3,1.7,3.0,0.571,0.0,0.0,0.0,0.8,1.3,0.644,1.6,2.6,4.2,0.7,0.3,0.3,0.5,1.5,4.3
0,101109.0,00,0.0,868.0,657.0,31.4,4.5,10.8,0.413,1.0,2.9,0.328,1.9,2.5,0.788,0.6,2.5,3.1,5.6,1.3,0.2,2.2,2.0,11.8
0,1628390.0,00,0.0,8.0,0.0,4.8,0.3,1.0,0.25,0.0,0.5,0.0,0.0,0.0,0.0,0.1,0.1,0.3,0.0,0.1,0.1,0.1,1.3,0.5
0,1627812.0,00,0.0,59.0,34.0,26.6,3.4,8.5,0.407,1.5,3.8,0.388,1.7,2.1,0.843,0.4,2.0,2.4,3.4,0.9,0.2,1.4,2.1,10.1
0,1627827.0,00,0.0,88.0,36.0,19.6,1.5,4.0,0.377,0.7,2.3,0.297,0.5,0.7,0.746,0.7,2.0,2.6,0.8,0.6,0.3,0.6,1.5,4.2
0,1627854.0,00,0.0,49.0,1.0,9.6,1.4,3.4,0.411,0.6,1.7,0.378,0.2,0.2,0.818,0.1,0.7,0.8,0.7,0.1,0.0,0.3,0.7,3.6
0,203095.0,00,0.0,332.0,190.0,26.6,4.5,10.0,0.449,1.5,4.0,0.382,2.1,2.6,0.796,0.5,2.2,2.6,2.2,0.8,0.1,1.6,2.4,12.6
0,1628368.0,00,0.0,12.0,2.0,26.8,4.8,12.0,0.403,0.3,1.4,0.176,2.0,2.8,0.706,0.7,2.7,3.3,5.2,0.6,0.1,2.0,2.3,11.9
0,204025.0,00,0.0,139.0,41.0,19.4,2.1,5.3,0.401,0.5,1.5,0.305,1.2,1.7,0.727,0.5,1.9,2.4,4.4,0.8,0.1,1.5,1.8,5.9
0,101112.0,00,0.0,812.0,438.0,23.2,3.4,7.8,0.44,1.2,3.1,0.389,1.0,1.3,0.822,0.9,3.8,4.7,1.0,0.5,0.6,0.9,2.7,9.1
0,1628365.0,00,0.0,4.0,0.0,18.9,2.3,6.8,0.333,0.0,0.0,0.0,1.5,3.0,0.5,0.8,1.5,2.3,1.8,0.5,0.3,1.5,1.5,6.0
0,201568.0,00,0.0,469.0,399.0,31.1,4.6,11.0,0.419,1.8,4.9,0.367,4.3,4.9,0.864,0.8,3.9,4.7,2.0,0.8,0.4,1.3,1.9,15.3
0,204038.0,00,0.0,212.0,50.0,24.3,3.2,8.0,0.395,1.3,3.5,0.37,1.0,1.2,0.783,0.5,2.6,3.1,2.1,0.8,0.2,0.8,1.9,8.6
0,201188.0,00,0.0,655.0,648.0,33.8,5.6,11.4,0.495,0.2,0.6,0.345,3.5,4.6,0.774,1.8,5.8,7.6,3.2,0.9,1.5,2.0,3.0,15.0
0,2200.0,00,0.0,1132.0,1094.0,34.6,6.8,13.4,0.51,0.1,0.3,0.376,4.1,5.4,0.754,2.6,6.8,9.4,3.3,0.5,1.6,2.2,2.2,17.8
0,200752.0,00,0.0,766.0,715.0,35.4,6.9,15.3,0.453,1.0,3.0,0.346,3.4,4.3,0.796,1.5,4.4,5.9,2.3,1.3,0.8,2.4,2.5,18.3
0,202331.0,00,0.0,460.0,412.0,32.9,6.2,14.4,0.433,2.0,5.5,0.371,3.6,4.3,0.849,0.9,5.4,6.3,3.1,1.7,0.4,2.5,2.7,18.1
0,1627875.0,00,0.0,11.0,0.0,5.3,0.3,0.9,0.3,0.1,0.3,0.333,0.8,0.9,0.9,0.1,0.7,0.8,0.3,0.1,0.0,0.3,0.6,1.5
0,201959.0,00,0.0,597.0,257.0,25.2,3.9,7.8,0.496,0.0,0.1,0.136,1.6,2.3,0.696,2.4,4.0,6.3,1.0,0.5,1.2,1.3,2.6,9.4
0,1938.0,00,0.0,1002.0,349.0,25.7,4.4,9.9,0.447,1.4,3.9,0.369,3.3,4.0,0.826,0.7,2.9,3.6,3.9,1.4,0.3,2.0,2.1,13.5
0,203497.0,00,0.0,281.0,190.0,27.3,3.4,5.6,0.612,0.0,0.0,0.0,2.6,4.1,0.62,3.1,6.7,9.8,1.1,0.6,2.2,1.5,2.4,9.4
0,203932.0,00,0.0,216.0,128.0,24.6,3.9,8.3,0.468,0.7,2.3,0.313,1.7,2.4,0.7,1.5,3.9,5.4,1.6,0.7,0.6,1.0,2.0,10.1
0,201569.0,00,0.0,504.0,424.0,33.5,5.7,13.2,0.43,2.1,5.6,0.38,3.3,4.0,0.818,0.5,2.1,2.5,3.2,1.0,0.3,2.1,2.0,16.7
0,101162.0,00,0.0,689.0,474.0,26.5,4.4,8.0,0.556,0.0,0.0,0.15,1.5,2.2,0.679,2.2,5.9,8.2,1.0,0.5,1.2,1.2,2.2,10.4
0,1626203.0,00,0.0,37.0,1.0,10.6,1.0,2.3,0.429,0.4,0.9,0.438,0.4,0.6,0.696,0.4,0.9,1.3,0.6,0.4,0.0,0.2,1.2,2.8
0,203924.0,00,0.0,234.0,67.0,22.4,2.4,5.8,0.415,0.6,1.9,0.302,1.9,3.0,0.634,0.9,2.6,3.5,1.2,0.6,1.2,1.1,2.3,7.3
0,1626170.0,00,0.0,150.0,45.0,17.3,2.1,5.2,0.401,0.5,1.7,0.29,1.3,1.6,0.815,0.3,1.6,2.0,2.4,0.7,0.1,1.0,1.4,5.9
0,201980.0,00,0.0,482.0,416.0,25.2,3.2,7.4,0.424,1.8,4.5,0.4,0.8,1.0,0.817,0.6,2.9,3.4,1.6,1.0,0.8,1.1,1.6,8.9
0,203110.0,00,0.0,410.0,262.0,26.9,3.2,7.4,0.437,0.9,2.7,0.335,1.6,2.3,0.698,1.2,5.6,6.8,4.2,1.3,1.1,1.9,2.8,9.0
0,203210.0,00,0.0,180.0,92.0,20.6,2.8,5.8,0.487,0.4,1.1,0.357,1.4,1.7,0.78,1.8,3.5,5.4,0.9,0.5,0.4,1.1,2.6,7.4
0,201145.0,00,0.0,718.0,484.0,30.9,4.9,11.3,0.436,1.0,3.0,0.333,2.6,3.3,0.792,1.0,3.7,4.7,1.6,0.8,0.6,1.6,2.3,13.5
0,201933.0,00,0.0,483.0,483.0,35.2,8.3,16.0,0.515,0.2,0.7,0.31,4.7,7.0,0.676,2.4,6.9,9.4,4.2,1.0,0.6,2.5,3.0,21.5
0,1627773.0,00,0.0,22.0,0.0,7.4,0.8,1.9,0.405,0.2,0.5,0.5,0.4,0.9,0.45,0.4,1.3,1.6,0.2,0.0,0.6,0.5,1.0,2.2
0,203501.0,00,0.0,293.0,74.0,23.8,4.0,9.4,0.425,1.6,4.7,0.348,1.6,2.0,0.801,0.3,1.9,2.2,1.6,0.5,0.2,0.9,1.5,11.2
0,201935.0,00,0.0,628.0,415.0,33.7,6.6,14.8,0.443,2.3,6.3,0.365,6.9,8.1,0.853,0.8,4.3,5.0,5.8,1.5,0.4,3.4,2.5,22.3
0,203090.0,00,0.0,368.0,199.0,23.4,3.0,6.3,0.469,0.6,1.9,0.314,0.9,1.5,0.604,1.3,2.5,3.7,0.9,1.0,0.6,0.9,1.9,7.4
0,1626149.0,00,0.0,105.0,15.0,14.3,2.8,4.4,0.646,0.0,0.1,0.125,1.0,1.7,0.594,1.1,1.8,2.9,0.8,0.3,0.5,0.6,1.7,6.7
0,2734.0,00,0.0,855.0,446.0,25.4,3.7,8.6,0.435,0.8,2.5,0.324,3.0,3.8,0.796,0.3,1.9,2.3,4.2,1.1,0.2,1.8,2.2,11.3
0,203914.0,00,0.0,200.0,150.0,26.7,4.0,8.7,0.462,1.3,3.6,0.363,1.3,1.6,0.788,0.7,1.8,2.5,1.9,1.1,0.2,1.2,1.7,10.6
0,203925.0,00,0.0,120.0,12.0,15.8,2.0,4.8,0.425,1.1,3.0,0.377,0.4,0.6,0.704,0.2,1.6,1.8,0.8,0.4,0.1,0.7,1.7,5.6
0,202699.0,00,0.0,396.0,276.0,29.0,5.3,11.3,0.469,1.0,2.8,0.343,2.4,2.9,0.81,1.1,4.5,5.6,1.6,0.7,0.5,1.3,1.9,14.0
0,1626150.0,00,0.0,82.0,26.0,19.9,1.6,5.0,0.326,0.6,2.2,0.264,2.0,2.5,0.777,0.3,1.5,1.8,2.6,0.7,0.3,1.1,2.5,5.8
0,1628404.0,00,0.0,11.0,0.0,13.6,0.9,2.6,0.345,0.2,1.1,0.167,0.5,0.5,0.833,0.2,1.7,1.9,0.3,0.6,0.3,0.5,1.2,2.5
0,2617.0,00,0.0,830.0,498.0,25.8,3.2,6.4,0.491,0.0,0.0,0.086,1.5,2.0,0.756,1.9,4.9,6.9,0.9,0.5,0.3,1.0,2.4,7.8
0,202330.0,00,0.0,517.0,409.0,31.3,5.3,11.9,0.444,1.3,3.6,0.368,3.8,4.6,0.82,0.7,3.4,4.2,3.4,1.0,0.4,2.0,1.8,15.6
0,203089.0,00,0.0,327.0,88.0,19.1,3.2,6.0,0.533,0.0,0.0,0.0,1.2,2.0,0.57,1.9,3.3,5.2,1.0,0.4,1.5,1.2,2.3,7.6
0,1627823.0,00,0.0,65.0,9.0,13.2,1.6,3.5,0.447,0.7,1.8,0.4,0.9,1.2,0.75,0.7,2.2,2.9,0.4,0.5,0.2,0.5,1.0,4.7
0,1626195.0,00,0.0,79.0,22.0,17.6,3.3,6.2,0.534,0.1,0.2,0.25,1.2,1.7,0.686,2.2,4.3,6.5,1.2,0.6,0.5,1.4,2.1,7.9
0,1626209.0,00,0.0,155.0,11.0,16.1,2.0,5.1,0.401,0.8,2.3,0.334,0.6,0.7,0.852,0.3,1.9,2.2,1.1,0.5,0.2,1.1,1.3,5.4
0,1627741.0,00,0.0,94.0,62.0,23.2,4.1,9.6,0.425,1.8,4.6,0.391,0.8,1.0,0.848,0.5,3.0,3.5,1.5,0.5,0.1,1.3,1.5,10.8
0,2403.0,00,0.0,881.0,620.0,27.3,4.6,8.3,0.548,0.0,0.1,0.14,2.8,4.2,0.662,1.8,4.5,6.3,1.9,1.1,0.8,1.9,3.1,11.9
0,201588.0,00,0.0,609.0,384.0,28.9,4.1,9.1,0.452,1.2,3.3,0.38,2.2,2.7,0.8,0.6,2.7,3.2,3.3,0.9,0.3,1.3,2.1,11.7
0,203524.0,00,0.0,249.0,152.0,23.5,2.2,5.5,0.4,0.8,2.3,0.336,1.2,1.5,0.822,0.7,2.6,3.3,1.6,0.7,0.3,1.0,1.8,6.4
0,1626199.0,00,0.0,80.0,3.0,9.9,1.3,3.3,0.382,0.4,1.2,0.316,0.6,0.9,0.735,0.1,0.9,1.0,0.8,0.3,0.0,0.6,0.9,3.5
0,201950.0,00,0.0,517.0,444.0,32.4,5.7,12.8,0.441,1.1,3.1,0.361,1.8,2.3,0.789,0.8,2.8,3.6,6.3,1.4,0.4,2.7,2.3,14.3
0,203200.0,00,0.0,214.0,24.0,16.7,2.3,5.6,0.4,0.9,2.7,0.34,0.7,0.9,0.789,0.3,1.9,2.1,1.1,0.7,0.3,0.7,1.1,6.2
0,1626178.0,00,0.0,119.0,79.0,22.8,3.0,6.7,0.445,0.2,0.7,0.236,2.4,3.1,0.765,1.3,4.3,5.6,1.8,1.1,0.6,1.3,2.2,8.5
0,1626158.0,00,0.0,112.0,19.0,17.4,3.1,5.8,0.542,0.3,1.1,0.285,1.2,1.7,0.699,1.4,2.7,4.1,0.9,0.5,0.9,0.8,2.2,7.8
0,203918.0,00,0.0,199.0,163.0,27.7,4.5,10.9,0.413,1.8,5.0,0.364,1.8,2.2,0.829,0.3,2.7,3.1,2.1,0.7,0.2,1.3,2.4,12.6
0,201143.0,00,0.0,657.0,653.0,33.3,6.1,11.5,0.528,0.3,0.9,0.354,1.9,2.5,0.749,2.3,6.4,8.7,3.0,0.8,1.2,1.6,2.4,14.3
0,2730.0,00,0.0,966.0,965.0,34.8,6.3,10.7,0.585,0.0,0.1,0.089,4.9,8.7,0.564,3.6,9.1,12.7,1.5,1.0,2.0,3.0,3.2,17.4
0,203962.0,00,0.0,16.0,0.0,12.1,1.1,2.7,0.395,0.7,1.6,0.44,0.0,0.3,0.0,0.6,1.7,2.3,0.4,0.3,0.8,0.6,1.1,2.8
0,201586.0,00,0.0,613.0,502.0,29.0,5.0,9.7,0.516,0.5,1.4,0.37,1.4,1.9,0.756,2.3,5.0,7.3,0.6,0.4,2.3,1.3,2.8,12.0
0,2738.0,00,0.0,987.0,760.0,34.6,4.6,10.0,0.465,0.9,2.8,0.334,2.7,3.8,0.714,1.0,4.3,5.2,4.5,1.6,0.5,2.0,1.9,12.9
0,101141.0,00,0.0,613.0,369.0,24.4,4.1,9.3,0.441,1.1,3.0,0.365,1.6,2.1,0.77,1.8,4.1,5.9,1.2,0.7,0.4,1.0,2.5,10.9
0,204060.0,00,0.0,255.0,73.0,20.7,2.1,4.8,0.434,1.2,3.0,0.403,0.4,0.5,0.746,0.3,2.3,2.5,2.2,1.0,0.1,1.2,1.6,5.7
0,1627742.0,00,0.0,92.0,53.0,29.5,3.8,9.2,0.411,0.7,2.3,0.297,1.9,3.0,0.627,0.7,3.4,4.1,2.1,0.7,0.5,1.6,2.1,10.1
0,202681.0,00,0.0,394.0,394.0,34.1,7.9,17.3,0.456,1.9,5.0,0.381,3.9,4.4,0.873,0.7,2.6,3.4,5.5,1.3,0.3,2.7,2.2,21.6
0,1628371.0,00,0.0,12.0,2.0,19.9,2.3,5.1,0.459,0.4,1.4,0.294,1.0,1.2,0.857,0.9,3.5,4.4,0.8,0.7,1.3,1.0,2.1,6.1
0,1628411.0,00,0.0,5.0,0.0,4.9,0.8,2.0,0.4,0.0,0.0,0.0,0.2,0.6,0.333,0.2,0.8,1.0,0.6,0.2,0.0,0.6,0.6,1.8
0,101127.0,00,0.0,815.0,352.0,28.0,3.9,8.9,0.44,0.7,2.1,0.345,2.4,2.8,0.856,0.3,2.5,2.9,4.5,0.8,0.1,2.0,1.8,11.0
0,1627743.0,00,0.0,14.0,0.0,5.2,0.5,1.2,0.412,0.1,0.5,0.143,0.2,0.4,0.5,0.4,0.6,1.1,0.6,0.3,0.1,0.7,0.4,1.3
0,1628367.0,00,0.0,14.0,3.0,21.7,3.8,9.6,0.396,0.8,2.9,0.275,1.6,3.0,0.524,0.5,2.9,3.4,0.8,1.2,0.2,2.0,3.0,9.9
0,1628382.0,00,0.0,12.0,5.0,20.0,2.9,6.5,0.449,0.9,2.8,0.333,0.5,0.7,0.75,0.5,1.3,1.8,0.4,0.1,0.1,0.8,1.0,7.3
0,202704.0,00,0.0,415.0,217.0,24.7,4.6,10.8,0.431,0.9,2.9,0.323,2.1,2.4,0.862,0.5,2.5,3.1,4.4,0.7,0.1,1.9,1.8,12.3
0,2544.0,00,0.0,1074.0,1073.0,38.9,9.8,19.6,0.502,1.4,4.0,0.342,6.1,8.2,0.74,1.2,6.1,7.3,7.1,1.6,0.8,3.4,1.9,27.1
0,1628455.0,00,0.0,14.0,10.0,24.3,4.3,10.4,0.414,1.2,3.4,0.362,2.6,3.4,0.787,0.4,2.7,3.1,3.9,0.9,0.3,1.5,2.1,12.4
0,2744.0,00,0.0,889.0,650.0,29.2,6.8,13.7,0.499,0.0,0.1,0.125,2.2,3.2,0.71,2.3,6.3,8.5,1.5,0.7,1.2,1.3,2.6,15.9
0,2210.0,00,0.0,1164.0,809.0,29.3,4.4,9.5,0.464,0.9,2.4,0.377,3.1,4.0,0.768,0.8,3.3,4.0,2.1,0.7,0.3,1.5,2.3,12.8
0,201973.0,00,0.0,496.0,94.0,18.2,2.3,5.1,0.456,0.5,1.5,0.353,1.0,1.3,0.762,1.3,2.8,4.0,0.8,0.5,0.2,0.7,2.0,6.2
0,101161.0,00,0.0,756.0,462.0,22.2,3.1,5.5,0.573,0.1,0.3,0.333,1.1,1.6,0.672,2.1,3.6,5.7,1.2,0.6,1.0,1.1,3.1,7.4
0,1627744.0,00,0.0,8.0,0.0,3.6,0.9,1.8,0.5,0.0,0.0,0.0,0.3,0.3,1.0,0.3,1.1,1.4,0.3,0.4,0.1,0.4,0.9,2.0
0,1626177.0,00,0.0,4.0,1.0,7.9,1.5,2.3,0.667,0.0,0.0,0.0,0.8,1.5,0.5,1.0,0.5,1.5,1.3,0.5,0.8,0.3,1.3,3.8
0,201949.0,00,0.0,485.0,150.0,19.9,3.0,6.3,0.479,0.4,1.4,0.298,1.2,1.7,0.696,0.9,2.6,3.5,1.9,0.8,1.0,1.4,2.2,7.6
0,2207.0,00,0.0,1228.0,1087.0,35.1,6.3,14.2,0.442,1.6,4.2,0.373,2.2,2.8,0.801,0.9,3.1,4.0,4.0,0.9,0.2,2.0,1.8,16.3
0,1626169.0,00,0.0,160.0,17.0,21.0,2.4,6.5,0.369,0.8,2.5,0.304,0.8,1.1,0.746,0.6,2.7,3.3,1.5,0.8,0.2,1.2,2.0,6.4
0,204020.0,00,0.0,152.0,7.0,26.0,3.8,8.8,0.435,1.0,2.7,0.366,2.0,2.6,0.772,0.6,2.7,3.4,2.5,1.0,0.5,1.2,2.0,10.7
0,202325.0,00,0.0,509.0,284.0,23.0,2.9,7.1,0.406,1.1,3.1,0.335,0.6,0.8,0.744,0.6,2.7,3.3,1.1,0.8,0.7,0.9,1.9,7.4
0,203999.0,00,0.0,166.0,127.0,25.2,5.3,9.8,0.548,0.6,1.6,0.344,2.3,2.7,0.824,2.6,6.1,8.6,3.7,1.0,0.7,1.8,2.8,13.5
0,1627745.0,00,0.0,10.0,0.0,8.5,0.8,1.6,0.5,0.0,0.0,0.0,0.3,1.0,0.3,0.9,1.4,2.3,0.0,0.1,0.4,0.6,1.5,1.9
0,1627883.0,00,0.0,1.0,0.0,2.9,0.0,1.0,0.0,0.0,0.0,0.0,0.0,0.0,0.0,0.0,1.0,1.0,0.0,0.0,0.0,0.0,0.0,0.0
0,1626145.0,00,0.0,109.0,0.0,14.0,1.3,3.4,0.387,0.4,1.3,0.336,0.6,0.8,0.761,0.2,1.0,1.2,2.7,0.8,0.1,0.7,0.8,3.7
0,1627884.0,00,0.0,37.0,8.0,15.5,1.9,3.4,0.56,0.1,0.4,0.231,0.9,1.2,0.711,1.1,1.1,2.2,0.4,0.4,0.5,0.4,1.8,4.7
0,201599.0,00,0.0,685.0,573.0,27.7,3.7,5.5,0.675,0.0,0.0,0.091,1.7,4.0,0.432,3.2,7.0,10.2,0.7,0.6,1.8,1.3,2.7,9.2
0,202709.0,00,0.0,377.0,69.0,19.6,2.7,5.8,0.456,0.4,1.1,0.333,1.2,1.6,0.77,0.5,1.8,2.3,2.5,0.7,0.2,1.0,1.4,6.9
0,1626163.0,00,0.0,167.0,19.0,23.7,3.5,8.6,0.404,1.2,3.6,0.331,1.4,2.0,0.742,0.8,3.5,4.3,1.7,0.5,0.5,0.9,1.7,9.6
0,202683.0,00,0.0,457.0,126.0,21.4,4.6,8.7,0.533,0.1,0.2,0.296,2.0,2.7,0.77,2.7,4.1,6.8,0.6,0.4,0.4,1.5,2.1,11.4
0,1628379.0,00,0.0,7.0,0.0,13.3,1.6,4.1,0.379,0.1,1.4,0.1,0.3,0.6,0.5,0.1,1.1,1.3,1.1,0.4,0.0,0.9,0.7,3.6
0,203077.0,00,0.0,289.0,285.0,26.9,3.5,7.5,0.472,0.0,0.1,0.2,2.0,2.8,0.711,1.8,4.5,6.3,1.3,0.7,0.8,1.0,2.2,9.1
0,203930.0,00,0.0,112.0,24.0,22.3,4.0,9.4,0.419,1.3,4.0,0.334,2.5,2.9,0.858,0.3,2.9,3.2,1.8,0.6,0.1,1.6,1.4,11.7
0,1628467.0,00,0.0,7.0,0.0,11.0,1.6,2.9,0.55,0.3,1.3,0.222,0.7,1.1,0.625,0.6,1.3,1.9,0.6,0.6,0.1,0.1,0.7,4.1
0,202688.0,00,0.0,382.0,320.0,31.3,5.5,13.2,0.415,1.6,4.6,0.357,2.6,3.3,0.812,0.6,2.8,3.3,4.3,0.9,0.2,2.7,2.0,15.2
0,1627788.0,00,0.0,1.0,0.0,3.0,1.0,2.0,0.5,0.0,1.0,0.0,0.0,0.0,0.0,1.0,1.0,2.0,0.0,0.0,0.0,0.0,1.0,2.0
0,2594.0,00,0.0,1044.0,418.0,26.4,3.4,7.8,0.444,2.0,4.6,0.431,1.1,1.3,0.879,0.3,2.8,3.1,1.8,0.7,0.3,1.1,2.1,10.0
0,201585.0,00,0.0,585.0,215.0,16.4,2.5,4.8,0.532,0.0,0.0,0.0,0.6,1.1,0.603,1.7,3.2,4.9,0.4,0.4,0.8,0.7,2.1,5.7
0,1628398.0,00,0.0,13.0,5.0,30.9,6.1,11.8,0.516,1.1,3.6,0.298,2.0,2.5,0.813,1.5,5.3,6.8,1.3,0.5,0.2,1.8,2.0,15.2
0,1627851.0,00,0.0,69.0,5.0,14.8,2.3,5.4,0.426,0.8,2.4,0.321,0.8,1.0,0.809,0.7,1.1,1.8,1.0,0.4,0.2,0.7,1.1,6.2
0,203897.0,00,0.0,206.0,120.0,28.9,5.1,11.4,0.445,1.5,3.8,0.378,2.1,2.5,0.821,0.4,2.6,2.9,3.2,0.8,0.2,2.1,2.2,13.7
0,1627746.0,00,0.0,45.0,14.0,18.7,3.6,6.8,0.519,0.1,0.3,0.333,1.6,2.2,0.74,1.4,3.4,4.8,0.8,0.5,0.4,1.2,2.0,8.9
0,203087.0,00,0.0,288.0,25.0,17.5,3.2,7.2,0.441,0.9,2.6,0.332,1.1,1.4,0.818,0.4,2.7,3.1,1.2,0.5,0.3,0.7,1.5,8.4
0,203499.0,00,0.0,213.0,39.0,19.8,2.2,5.2,0.427,0.4,1.3,0.327,0.8,1.0,0.768,0.3,1.6,1.9,3.1,1.0,0.1,1.3,1.5,5.7
0,203530.0,00,0.0,156.0,17.0,15.0,2.5,5.3,0.469,0.3,1.1,0.292,0.8,1.1,0.74,1.2,2.9,4.1,0.9,0.3,0.2,0.9,1.6,6.1
0,1627774.0,00,0.0,37.0,1.0,7.1,0.7,2.5,0.29,0.4,1.4,0.264,0.4,0.5,0.765,0.2,0.5,0.6,0.4,0.3,0.1,0.3,0.7,2.2
0,1627747.0,00,0.0,70.0,33.0,22.5,3.1,7.2,0.429,1.0,3.3,0.299,1.3,1.8,0.698,0.4,3.0,3.4,2.1,0.9,0.2,1.3,1.7,8.5
0,1628388.0,00,0.0,12.0,0.0,13.2,1.9,4.2,0.46,0.5,1.3,0.4,0.2,0.4,0.4,0.6,1.6,2.2,0.4,0.3,0.1,0.4,1.7,4.5
0,201584.0,00,0.0,689.0,446.0,27.9,3.7,8.3,0.451,1.1,2.8,0.388,1.2,1.4,0.85,0.5,2.2,2.7,1.7,1.0,0.3,1.0,1.7,9.8
0,203458.0,00,0.0,279.0,129.0,19.9,2.7,5.7,0.467,0.0,0.1,0.227,1.7,2.3,0.723,2.0,4.3,6.3,0.7,0.4,1.1,1.3,2.8,7.0
0,202695.0,00,0.0,398.0,371.0,30.6,6.0,12.1,0.495,1.3,3.4,0.388,3.1,3.7,0.847,1.3,4.9,6.2,2.3,1.8,0.7,1.4,1.8,16.4
0,203086.0,00,0.0,301.0,38.0,16.5,2.2,4.8,0.462,0.7,1.9,0.371,0.6,0.8,0.819,0.8,3.1,3.9,0.8,0.2,0.3,0.7,2.4,5.7
0,202720.0,00,0.0,336.0,79.0,16.6,2.7,5.7,0.478,0.4,1.1,0.335,0.9,1.1,0.769,1.0,3.0,4.0,0.9,0.4,0.3,0.7,1.6,6.7
0,202732.0,00,0.0,128.0,20.0,10.0,0.8,1.8,0.415,0.2,0.6,0.367,0.3,0.6,0.55,0.3,1.1,1.5,0.6,0.6,0.2,0.6,1.0,2.1
0,203081.0,00,0.0,408.0,408.0,36.4,7.5,17.5,0.43,2.6,7.1,0.368,4.8,5.5,0.879,0.6,3.5,4.1,6.2,0.9,0.3,2.8,2.1,22.5
0,202391.0,00,0.0,406.0,217.0,26.6,4.1,9.4,0.433,1.0,2.8,0.35,2.9,3.6,0.805,0.4,2.4,2.9,4.5,1.2,0.4,2.4,2.3,12.0
0,2733.0,00,0.0,709.0,184.0,21.5,2.7,5.5,0.483,0.0,0.1,0.194,1.2,1.5,0.792,0.6,1.9,2.5,3.2,0.7,0.4,1.3,1.9,6.5
0,1626172.0,00,0.0,64.0,4.0,8.5,1.1,2.0,0.544,0.0,0.2,0.273,0.4,0.7,0.605,0.8,1.5,2.3,0.5,0.3,0.4,0.4,1.3,2.6
0,201572.0,00,0.0,575.0,540.0,32.1,7.2,14.2,0.504,0.3,0.8,0.331,3.9,4.9,0.794,2.6,4.4,7.1,1.5,0.6,1.7,2.1,2.8,18.5
0,201577.0,00,0.0,639.0,491.0,23.0,3.6,6.9,0.526,0.0,0.0,0.167,1.5,2.0,0.761,2.5,3.0,5.5,0.7,0.3,1.3,1.1,2.1,8.8
0,201567.0,00,0.0,589.0,507.0,32.5,6.1,13.7,0.442,1.5,4.2,0.365,4.7,5.7,0.822,3.1,8.4,11.5,2.4,0.7,0.5,2.0,2.1,18.4
0,200768.0,00,0.0,724.0,488.0,30.9,4.6,10.8,0.424,1.6,4.4,0.364,3.4,4.3,0.799,0.8,3.3,4.1,5.8,1.4,0.3,2.2,2.7,14.2
0,1627789.0,00,0.0,80.0,19.0,16.9,2.1,5.2,0.402,0.8,2.5,0.332,1.5,1.8,0.832,0.4,1.6,2.0,1.1,0.5,0.1,1.1,2.2,6.5
0,1626168.0,00,0.0,159.0,37.0,16.2,2.3,5.6,0.403,0.7,2.1,0.345,0.7,1.0,0.713,0.7,2.7,3.4,0.8,0.3,0.3,0.8,1.4,6.0
0,1627815.0,00,0.0,30.0,3.0,9.6,1.0,2.5,0.4,0.2,1.0,0.233,0.8,0.9,0.852,0.1,1.0,1.1,0.5,0.3,0.1,0.2,0.6,3.0
0,202714.0,00,0.0,342.0,52.0,17.6,2.5,5.8,0.424,0.6,2.0,0.321,0.7,1.0,0.752,0.2,1.7,1.9,3.0,0.6,0.0,1.2,1.2,6.3
0,203705.0,00,0.0,5.0,0.0,3.8,0.2,0.4,0.5,0.2,0.2,1.0,0.4,0.4,1.0,0.0,0.2,0.2,0.6,0.0,0.0,0.0,0.6,1.0
0,101133.0,00,0.0,481.0,92.0,16.7,1.9,3.6,0.538,0.0,0.0,0.0,1.3,2.1,0.597,1.5,2.9,4.3,0.5,0.6,0.7,0.9,2.6,5.1
0,1627748.0,00,0.0,69.0,41.0,11.1,1.5,3.4,0.44,0.6,1.5,0.373,0.6,0.8,0.672,0.8,1.4,2.1,0.4,0.3,0.4,0.4,1.8,4.1
0,1626246.0,00,0.0,91.0,4.0,8.9,2.0,3.4,0.578,0.0,0.0,0.0,1.5,1.9,0.783,1.3,2.3,3.6,0.3,0.2,0.4,0.5,0.9,5.5
0,1628374.0,00,0.0,11.0,11.0,30.6,5.0,11.5,0.433,2.4,6.7,0.351,2.2,2.6,0.828,1.1,6.7,7.8,1.5,0.5,0.6,1.5,1.4,14.5
0,1626185.0,00,0.0,81.0,14.0,14.8,1.7,4.0,0.418,0.2,0.6,0.311,1.1,1.5,0.75,1.2,2.5,3.7,0.4,0.4,0.3,0.7,2.3,4.7
0,1628412.0,00,0.0,6.0,0.0,14.0,2.2,6.2,0.351,0.5,1.3,0.375,1.3,2.2,0.615,0.3,0.3,0.7,2.3,0.3,0.0,1.3,0.2,6.2
0,1628493.0,00,0.0,1.0,0.0,3.5,0.0,2.0,0.0,0.0,0.0,0.0,0.0,0.0,0.0,1.0,1.0,2.0,0.0,0.0,0.0,0.0,0.0,0.0
0,202083.0,00,0.0,605.0,545.0,32.8,4.8,11.1,0.429,2.1,5.5,0.384,2.3,2.7,0.828,0.5,2.6,3.2,2.2,1.1,0.2,1.3,2.2,13.9
0,201601.0,00,0.0,633.0,441.0,23.3,2.4,5.4,0.452,0.2,0.7,0.321,1.2,1.8,0.66,1.5,2.7,4.2,0.9,0.9,0.4,0.9,1.8,6.3
0,203949.0,00,0.0,109.0,3.0,7.9,1.2,2.3,0.53,0.0,0.1,0.286,0.6,1.1,0.534,0.7,1.0,1.7,0.3,0.3,0.4,0.4,1.0,3.0
0,1627775.0,00,0.0,83.0,20.0,14.9,1.5,3.4,0.444,0.6,1.7,0.336,0.4,0.5,0.75,0.3,1.0,1.3,1.1,0.5,0.2,0.5,0.9,4.0
0,203468.0,00,0.0,271.0,174.0,27.4,6.1,13.3,0.458,1.9,4.4,0.42,2.1,2.5,0.844,0.5,2.2,2.7,2.8,0.9,0.3,1.7,2.0,16.2
0,204456.0,00,0.0,174.0,68.0,23.1,2.8,6.0,0.466,0.3,0.9,0.305,0.6,0.8,0.755,0.5,2.6,3.1,5.6,1.4,0.1,1.9,1.6,6.5
0,1626191.0,00,0.0,42.0,4.0,10.9,1.5,3.5,0.435,0.3,1.0,0.341,0.4,0.8,0.5,0.8,1.3,2.1,0.3,0.7,0.4,0.4,1.1,3.8
0,203926.0,00,0.0,195.0,9.0,20.3,3.1,6.8,0.451,1.1,2.8,0.397,0.8,1.0,0.838,0.4,1.9,2.3,0.7,0.2,0.1,0.6,1.3,8.0
0,201580.0,00,0.0,504.0,170.0,17.5,3.3,5.9,0.555,0.0,0.0,0.1,1.2,2.1,0.577,1.9,3.1,5.0,0.3,0.4,1.6,1.0,2.1,7.8
0,203585.0,00,0.0,78.0,65.0,25.2,2.4,5.9,0.413,0.9,2.8,0.332,0.6,0.9,0.62,1.2,2.1,3.3,1.6,0.6,0.2,0.7,1.8,6.4
0,1628035.0,00,0.0,3.0,0.0,3.6,1.0,1.0,1.0,0.3,0.3,1.0,0.7,1.0,0.667,0.0,0.7,0.7,0.0,0.0,0.3,0.3,1.0,3.0
0,203463.0,00,0.0,294.0,217.0,25.5,3.4,8.1,0.416,1.2,3.6,0.352,1.3,1.7,0.78,0.5,2.1,2.6,1.2,0.7,0.2,1.3,2.3,9.3
0,201177.0,00,0.0,431.0,179.0,19.2,2.1,4.6,0.464,0.5,1.3,0.341,0.7,1.0,0.705,1.1,2.8,3.9,2.1,0.5,0.5,0.9,1.9,5.4
0,201975.0,00,0.0,466.0,204.0,23.8,3.3,7.8,0.419,1.5,4.1,0.374,1.7,2.0,0.882,0.3,1.9,2.1,1.1,0.8,0.1,0.8,1.2,9.7
0,1626257.0,00,0.0,116.0,18.0,12.2,1.3,2.0,0.642,0.0,0.0,0.25,0.6,1.0,0.585,1.4,2.8,4.1,0.2,0.4,1.0,0.6,1.9,3.2
0,1626175.0,00,0.0,43.0,3.0,5.3,0.7,1.5,0.431,0.0,0.0,0.0,0.3,0.6,0.52,0.5,0.9,1.4,0.2,0.1,0.4,0.3,0.5,1.6
0,203114.0,00,0.0,308.0,236.0,30.8,5.1,11.5,0.447,1.4,3.7,0.396,2.2,2.5,0.874,0.6,3.3,3.9,2.8,1.3,0.2,1.7,2.6,13.9
0,101139.0,00,0.0,725.0,299.0,20.8,3.5,8.4,0.417,1.4,3.9,0.361,1.3,1.6,0.808,0.5,2.0,2.4,1.1,0.7,0.3,0.9,2.2,9.8
0,203121.0,00,0.0,115.0,11.0,14.2,1.2,2.8,0.419,0.5,1.5,0.359,0.4,0.5,0.846,0.1,1.1,1.2,0.8,0.4,0.2,0.4,1.7,3.3
0,201988.0,00,0.0,454.0,24.0,17.2,2.9,6.8,0.433,1.3,3.4,0.393,0.7,0.8,0.836,0.3,1.2,1.5,2.2,0.6,0.1,0.9,1.2,7.9
0,200794.0,00,0.0,850.0,572.0,29.5,5.4,10.9,0.492,0.4,1.2,0.326,3.1,4.2,0.736,2.3,5.2,7.5,2.3,1.3,1.0,1.8,3.1,14.2
0,202703.0,00,0.0,218.0,56.0,22.8,3.5,8.5,0.409,1.7,4.8,0.35,2.2,2.7,0.798,0.8,4.4,5.3,1.2,0.8,0.7,1.2,2.1,10.8
0,1628378.0,00,0.0,13.0,5.0,26.1,5.2,14.1,0.366,1.8,5.7,0.311,1.8,2.2,0.857,0.7,1.7,2.4,2.2,1.2,0.5,2.2,3.5,13.9
0,1628370.0,00,0.0,12.0,0.0,21.5,3.5,10.3,0.341,1.9,5.9,0.324,0.7,0.8,0.8,0.2,1.8,2.0,2.2,0.4,0.2,1.3,1.4,9.6
0,202328.0,00,0.0,543.0,401.0,29.5,5.6,11.0,0.511,0.0,0.0,0.0,2.8,4.0,0.705,2.9,5.8,8.7,2.2,1.1,0.6,2.0,2.3,14.0
0,1626242.0,00,0.0,12.0,0.0,3.5,0.4,1.6,0.263,0.1,0.8,0.111,0.3,0.3,0.75,0.0,0.3,0.3,0.1,0.0,0.0,0.3,0.1,1.2
0,202734.0,00,0.0,393.0,81.0,19.1,2.7,6.2,0.438,0.7,2.0,0.369,0.5,0.7,0.744,0.4,1.4,1.8,1.7,0.6,0.2,0.8,1.5,6.7
0,203961.0,00,0.0,20.0,0.0,6.2,0.5,0.8,0.6,0.0,0.0,0.0,0.1,0.3,0.333,0.4,1.3,1.7,0.4,0.2,0.4,0.4,1.0,1.0
0,202694.0,00,0.0,420.0,221.0,26.3,4.1,9.5,0.428,1.3,3.6,0.355,1.5,2.1,0.72,1.0,3.3,4.3,1.6,0.7,0.2,1.1,2.1,10.9
0,202693.0,00,0.0,453.0,247.0,26.3,4.6,10.3,0.447,0.7,2.0,0.334,2.0,2.6,0.774,1.4,4.2,5.6,1.7,0.9,0.6,1.7,2.9,11.9
0,202389.0,00,0.0,436.0,273.0,18.4,2.8,5.2,0.534,0.0,0.1,0.185,1.3,1.8,0.737,1.7,3.3,5.0,0.6,0.3,0.9,1.2,2.2,6.9
0,1626144.0,00,0.0,136.0,107.0,27.8,4.4,11.7,0.374,1.1,3.2,0.329,2.2,3.1,0.726,0.5,2.9,3.4,4.7,0.8,0.4,2.7,1.9,12.0
0,203498.0,00,0.0,247.0,16.0,18.3,3.6,7.5,0.472,0.5,1.5,0.315,1.9,2.5,0.746,1.1,1.8,2.9,0.6,0.3,0.1,0.7,1.1,9.5
0,1627749.0,00,0.0,51.0,15.0,11.9,1.8,4.3,0.424,0.2,0.5,0.407,0.9,1.3,0.719,0.5,1.7,2.2,1.7,0.4,0.2,1.3,0.9,4.7
0,1627750.0,00,0.0,95.0,22.0,22.0,3.8,9.2,0.408,1.4,4.2,0.333,1.4,1.5,0.884,0.6,2.0,2.6,2.1,0.6,0.3,1.4,1.6,10.3
0,203488.0,00,0.0,199.0,16.0,13.7,1.9,3.8,0.499,0.4,1.0,0.378,0.6,0.8,0.825,1.0,1.9,2.9,0.9,0.3,0.5,0.6,1.4,4.8
0,1627846.0,00,0.0,8.0,0.0,7.1,0.8,2.0,0.375,0.1,0.6,0.2,0.0,0.0,0.0,0.3,0.9,1.1,0.4,0.3,0.1,0.5,0.6,1.6
0,1626204.0,00,0.0,134.0,37.0,21.6,2.9,5.4,0.533,0.1,0.4,0.229,0.8,1.1,0.716,1.8,3.7,5.5,1.1,1.1,0.5,0.8,2.2,6.6
0,203894.0,00,0.0,167.0,12.0,13.2,1.5,3.8,0.383,0.7,1.9,0.36,0.7,0.9,0.765,0.2,1.2,1.4,1.8,0.6,0.0,1.0,0.9,4.3
0,2749.0,00,0.0,839.0,640.0,28.4,4.4,10.2,0.437,1.3,3.6,0.37,1.4,1.8,0.81,0.5,2.5,3.0,5.2,0.9,0.1,2.1,2.5,11.6
0,203526.0,00,0.0,128.0,53.0,15.0,1.8,4.1,0.432,0.6,1.6,0.382,0.5,0.6,0.768,0.2,1.0,1.2,1.7,0.7,0.1,1.0,1.4,4.6
0,201149.0,00,0.0,618.0,511.0,28.9,3.4,7.0,0.49,0.0,0.0,0.0,2.1,3.0,0.699,3.4,6.0,9.4,2.9,0.8,1.4,1.7,2.9,9.0
0,203457.0,00,0.0,205.0,158.0,27.0,4.0,7.8,0.512,0.0,0.0,0.333,1.8,2.9,0.625,2.2,5.2,7.4,1.5,1.6,1.5,1.8,2.7,9.8
0,203512.0,00,0.0,100.0,9.0,14.6,1.5,2.4,0.643,0.1,0.2,0.25,0.6,0.9,0.634,1.1,2.2,3.3,0.6,0.7,1.1,0.7,1.9,3.7
0,1717.0,00,0.0,1407.0,1376.0,34.8,7.6,16.2,0.473,1.3,3.3,0.382,5.1,5.8,0.879,1.0,6.8,7.8,2.5,0.8,0.9,1.7,2.4,21.6
0,1628373.0,00,0.0,10.0,0.0,20.2,1.8,5.3,0.34,0.5,2.0,0.25,0.3,0.6,0.5,0.4,1.5,1.9,5.0,1.6,0.1,2.1,2.9,4.4
0,203994.0,00,0.0,171.0,90.0,19.7,3.6,7.7,0.469,0.0,0.1,0.0,1.7,2.9,0.611,2.1,4.4,6.5,1.4,0.8,1.2,1.9,2.9,9.0
0,1628021.0,00,0.0,28.0,5.0,20.2,2.4,4.3,0.563,0.1,0.4,0.3,1.4,2.0,0.667,0.7,3.1,3.8,0.8,0.7,0.5,0.5,1.8,6.3
0,203948.0,00,0.0,117.0,19.0,11.8,1.3,3.3,0.404,0.1,0.1,0.429,0.4,0.7,0.642,0.9,1.5,2.4,0.5,0.2,0.1,0.6,1.4,3.2
0,1626220.0,00,0.0,5.0,0.0,4.8,0.4,2.0,0.2,0.0,0.8,0.0,0.8,0.8,1.0,0.0,1.2,1.2,0.2,0.4,0.0,0.0,0.6,1.6
0,203124.0,00,0.0,333.0,50.0,14.5,2.3,4.7,0.504,0.1,0.3,0.213,0.8,1.1,0.74,1.4,3.2,4.6,1.2,0.4,1.0,1.0,2.1,5.5
0,1628400.0,00,0.0,12.0,0.0,15.3,1.0,2.6,0.387,0.8,2.0,0.375,0.5,0.7,0.75,0.4,1.3,1.7,0.2,0.3,0.0,0.3,1.1,3.3
0,1626143.0,00,0.0,105.0,81.0,26.2,6.1,12.0,0.51,0.0,0.1,0.167,2.3,3.4,0.677,2.0,4.0,5.9,1.2,0.4,1.1,2.1,2.6,14.6
0,203506.0,00,0.0,304.0,247.0,33.2,6.0,13.7,0.436,1.4,3.9,0.351,2.9,3.6,0.802,0.6,3.7,4.4,3.7,1.5,0.5,2.6,2.5,16.2
0,203482.0,00,0.0,290.0,37.0,20.7,3.6,7.5,0.479,0.9,2.5,0.372,1.4,1.8,0.744,1.3,3.4,4.8,1.7,0.7,0.5,1.4,2.9,9.5
0,1627778.0,00,0.0,5.0,1.0,10.3,1.0,1.4,0.714,0.0,0.0,0.0,0.8,0.8,1.0,0.4,1.6,2.0,0.6,0.6,0.2,0.8,1.2,2.8
0,1626224.0,00,0.0,6.0,0.0,4.6,0.3,1.0,0.333,0.0,0.3,0.0,0.0,0.0,0.0,0.0,0.8,0.8,0.2,0.0,0.0,0.0,0.3,0.7
0,1626162.0,00,0.0,154.0,20.0,17.2,2.1,4.9,0.424,0.7,2.1,0.319,0.8,1.1,0.734,0.6,2.4,3.0,0.4,0.6,0.2,0.6,2.1,5.7
0,2585.0,00,0.0,974.0,469.0,21.1,2.5,5.3,0.466,0.0,0.0,0.0,2.1,2.8,0.748,2.2,3.7,5.9,1.3,0.7,0.4,1.4,2.6,7.0
0,1627779.0,00,0.0,1.0,0.0,2.9,0.0,2.0,0.0,0.0,0.0,0.0,0.0,0.0,0.0,0.0,2.0,2.0,0.0,0.0,0.0,0.0,0.0,0.0
0,1627834.0,00,0.0,24.0,0.0,15.3,2.4,4.3,0.558,0.0,0.1,0.0,0.5,0.6,0.857,1.0,2.7,3.7,0.9,0.1,0.8,1.0,1.9,5.3
0,203953.0,00,0.0,152.0,147.0,32.1,6.4,13.0,0.491,0.5,1.5,0.341,2.5,3.4,0.748,1.7,3.9,5.6,2.1,1.0,0.4,1.7,2.0,15.8
0,2225.0,00,0.0,1143.0,1130.0,31.7,6.5,13.1,0.493,0.4,1.3,0.327,2.8,3.8,0.753,0.4,2.4,2.8,5.8,0.9,0.1,2.4,1.7,16.2
0,202718.0,00,0.0,384.0,358.0,31.7,5.1,11.0,0.467,1.6,4.3,0.376,1.5,2.2,0.708,0.9,3.9,4.8,2.9,1.0,0.4,1.6,2.0,13.5
0,202335.0,00,0.0,489.0,73.0,23.7,3.1,6.8,0.457,0.9,2.3,0.366,0.6,0.8,0.744,1.4,3.2,4.6,1.2,0.6,0.5,0.8,1.8,7.7
0,203464.0,00,0.0,13.0,0.0,15.4,1.8,3.4,0.523,0.9,1.9,0.48,0.5,0.9,0.583,0.1,1.4,1.5,1.2,0.8,0.2,1.2,1.5,5.0
0,101108.0,00,0.0,835.0,835.0,35.5,6.6,13.9,0.473,1.2,3.2,0.37,4.3,5.0,0.866,0.7,3.7,4.4,9.9,2.3,0.1,2.4,2.5,18.7
0,203940.0,00,0.0,102.0,24.0,13.3,1.6,4.1,0.399,0.1,0.5,0.232,0.6,0.9,0.67,0.8,2.2,3.0,0.6,0.4,0.3,0.9,1.9,4.0
0,1626166.0,00,0.0,88.0,1.0,13.2,2.0,5.4,0.378,0.7,2.2,0.32,0.3,0.4,0.75,0.1,1.4,1.5,1.9,0.6,0.1,0.8,1.5,5.0
0,203901.0,00,0.0,241.0,194.0,29.6,4.4,9.9,0.447,0.3,1.2,0.288,1.6,2.6,0.61,1.1,3.0,4.2,6.5,1.3,0.3,2.4,2.2,10.8
0,1627780.0,00,0.0,7.0,0.0,14.7,1.1,3.3,0.348,0.1,1.4,0.1,0.4,0.7,0.6,0.0,1.7,1.7,1.9,0.4,0.6,1.4,1.4,2.9
0,1628409.0,00,0.0,2.0,0.0,7.2,0.5,2.0,0.25,0.5,2.0,0.25,0.0,0.0,0.0,0.0,1.5,1.5,0.0,0.0,1.0,0.0,0.5,1.5
0,203486.0,00,0.0,328.0,213.0,22.7,3.4,6.1,0.56,0.0,0.0,0.0,2.1,3.6,0.58,2.0,4.4,6.4,2.0,0.8,0.9,1.5,2.7,8.9
0,203101.0,00,0.0,273.0,133.0,16.7,2.2,4.2,0.53,0.0,0.0,0.0,0.6,1.0,0.564,1.7,3.1,4.7,0.4,0.5,0.8,0.9,1.6,5.1
0,1627751.0,00,0.0,65.0,4.0,12.5,1.6,2.6,0.605,0.0,0.0,0.0,0.6,1.1,0.514,1.7,1.9,3.6,0.3,0.4,0.5,0.6,2.1,3.7
0,202347.0,00,0.0,288.0,47.0,17.9,1.9,4.4,0.424,0.7,2.0,0.361,0.8,1.0,0.739,0.7,1.4,2.0,0.8,0.4,0.2,0.6,1.5,5.2
0,203490.0,00,0.0,277.0,177.0,25.3,3.7,7.7,0.486,1.1,2.8,0.396,1.0,1.3,0.773,1.2,3.4,4.5,1.2,1.1,0.4,0.7,1.8,9.6
0,1626171.0,00,0.0,129.0,17.0,16.9,3.0,6.6,0.457,0.4,1.2,0.338,0.8,1.1,0.707,1.6,3.5,5.1,0.7,0.3,0.3,0.8,1.5,7.2
0,204001.0,00,0.0,149.0,148.0,30.7,6.3,14.1,0.445,1.4,4.1,0.353,3.1,3.9,0.815,1.7,5.5,7.3,1.4,0.7,1.9,1.8,3.2,17.2
0,203939.0,00,0.0,188.0,5.0,14.8,2.1,4.2,0.49,0.2,0.7,0.256,1.3,1.7,0.749,1.1,2.5,3.6,0.6,0.6,0.4,0.5,1.7,5.6
0,1626181.0,00,0.0,136.0,53.0,17.3,2.6,6.0,0.438,0.8,2.2,0.346,1.4,1.7,0.8,0.3,1.9,2.2,1.1,0.7,0.2,0.9,1.6,7.4
0,1627816.0,00,0.0,12.0,1.0,14.4,2.3,4.7,0.482,0.7,1.8,0.381,0.7,0.8,0.8,0.9,1.8,2.7,0.4,0.3,0.2,0.3,1.3,5.8
0,1627752.0,00,0.0,72.0,23.0,19.3,2.6,6.2,0.411,0.8,2.1,0.364,1.2,1.6,0.779,0.5,2.6,3.1,1.2,0.8,0.5,1.3,1.8,7.1
0,1627753.0,00,0.0,6.0,0.0,4.9,0.3,1.8,0.182,0.0,1.2,0.0,0.8,1.0,0.833,0.0,1.0,1.0,0.0,0.2,0.2,0.5,0.7,1.5
0,1628397.0,00,0.0,1.0,0.0,1.2,0.0,0.0,0.0,0.0,0.0,0.0,0.0,0.0,0.0,0.0,0.0,0.0,0.0,0.0,0.0,0.0,0.0,0.0
0,203944.0,00,0.0,169.0,133.0,27.7,4.7,10.1,0.465,0.2,0.6,0.264,2.6,3.6,0.714,2.0,7.2,9.2,2.5,0.6,0.5,2.1,3.2,12.1
0,2216.0,00,0.0,1067.0,835.0,31.3,6.7,14.2,0.471,0.1,0.6,0.26,3.2,4.2,0.763,3.0,6.3,9.3,1.8,0.7,0.3,2.1,2.4,16.7
0,200755.0,00,0.0,700.0,329.0,25.0,4.0,9.0,0.447,1.9,4.5,0.415,2.1,2.3,0.888,0.2,1.7,1.9,1.9,0.5,0.1,1.1,1.5,12.0
0,203186.0,00,0.0,122.0,7.0,13.1,2.2,3.8,0.585,0.0,0.0,0.4,0.8,1.3,0.567,1.6,2.5,4.1,0.3,0.2,0.7,0.4,1.7,5.2
0,1626196.0,00,0.0,117.0,48.0,26.6,3.1,7.6,0.41,1.2,3.4,0.364,1.0,1.3,0.735,0.5,2.2,2.7,2.0,1.0,0.6,1.1,2.4,8.5
0,1627781.0,00,0.0,29.0,0.0,9.8,1.4,3.3,0.423,0.5,1.4,0.366,0.7,0.9,0.808,0.1,0.9,1.0,0.5,0.3,0.0,0.4,1.1,4.1
0,203085.0,00,0.0,359.0,81.0,22.9,3.2,7.7,0.417,0.8,2.4,0.354,1.3,2.1,0.649,0.3,1.6,2.0,2.2,0.7,0.1,1.1,2.1,8.6
0,203460.0,00,0.0,268.0,242.0,22.0,1.9,4.0,0.471,0.4,1.5,0.26,0.4,0.8,0.493,1.1,2.8,3.9,0.8,0.8,0.6,0.6,2.1,4.5
0,203922.0,00,0.0,149.0,32.0,14.7,1.7,3.7,0.448,0.5,1.2,0.376,0.7,0.9,0.698,0.6,1.8,2.4,0.6,0.4,0.2,0.4,0.7,4.4
0,200765.0,00,0.0,714.0,634.0,32.3,4.5,9.6,0.463,0.3,1.1,0.304,1.4,2.3,0.606,1.1,3.8,4.9,8.5,1.8,0.1,2.9,2.3,10.7
0,201565.0,00,0.0,477.0,476.0,34.5,7.5,16.7,0.451,0.8,2.6,0.297,3.5,4.3,0.821,0.9,2.8,3.7,5.9,0.8,0.4,2.8,1.4,19.4
0,203082.0,00,0.0,400.0,169.0,23.9,3.6,8.6,0.42,1.7,4.4,0.372,0.7,0.9,0.797,0.4,2.3,2.6,1.0,0.8,0.3,0.8,1.8,9.6
0,1626179.0,00,0.0,126.0,0.0,15.0,1.8,5.1,0.35,0.7,2.1,0.309,0.6,0.8,0.788,0.6,2.3,2.8,1.6,0.5,0.1,0.6,0.9,4.8
0,201937.0,00,0.0,366.0,346.0,31.8,3.3,8.7,0.376,0.7,2.2,0.313,3.3,3.9,0.834,0.7,3.5,4.2,8.4,2.1,0.1,2.8,2.6,10.5
0,1626156.0,00,0.0,155.0,120.0,28.4,5.4,13.1,0.413,1.8,5.3,0.348,2.1,2.8,0.748,0.6,3.0,3.6,4.1,1.2,0.2,2.7,1.9,14.8
0,1627734.0,00,0.0,92.0,74.0,20.9,2.7,6.2,0.434,0.6,1.8,0.319,0.8,1.2,0.667,0.8,3.5,4.3,1.2,0.4,0.4,1.2,2.6,6.8
0,203960.0,00,0.0,149.0,72.0,15.5,1.9,4.5,0.432,0.3,1.3,0.236,1.0,1.5,0.665,0.6,1.8,2.4,0.8,0.4,0.4,1.0,1.9,5.1
0,203967.0,00,0.0,93.0,43.0,26.2,4.6,11.2,0.411,1.4,4.3,0.325,2.0,2.5,0.779,1.4,4.8,6.2,2.2,0.6,0.4,2.2,2.0,12.5
0,203107.0,00,0.0,64.0,3.0,12.5,1.0,2.6,0.409,0.2,0.7,0.256,0.4,0.6,0.659,0.5,1.0,1.4,1.6,0.4,0.1,0.6,1.1,2.7
0,203471.0,00,0.0,296.0,105.0,22.4,4.5,10.3,0.434,0.9,2.6,0.332,1.9,2.4,0.822,0.4,2.0,2.4,4.5,0.8,0.1,2.3,1.7,11.7
0,203118.0,00,0.0,293.0,7.0,15.5,2.7,5.9,0.461,0.7,2.0,0.337,0.9,1.2,0.787,0.7,2.3,3.0,0.9,0.3,0.1,0.7,1.3,7.1
0,200757.0,00,0.0,753.0,468.0,23.2,2.3,5.1,0.447,0.6,1.7,0.345,0.8,1.1,0.735,0.8,3.1,3.9,1.5,1.1,0.5,0.9,1.7,6.0
0,1627782.0,00,0.0,15.0,5.0,16.0,1.8,4.1,0.443,0.5,1.9,0.276,0.9,1.5,0.636,0.1,1.1,1.1,0.9,0.4,0.1,0.9,1.2,5.1
0,201196.0,00,0.0,667.0,146.0,23.7,3.6,8.2,0.436,0.3,1.0,0.315,3.1,3.9,0.791,0.5,2.2,2.7,4.1,0.7,0.1,1.7,1.4,10.5
0,202697.0,00,0.0,379.0,202.0,25.5,2.7,6.9,0.398,1.0,3.0,0.34,0.9,1.2,0.764,0.7,2.7,3.4,1.9,1.2,0.2,1.2,2.4,7.4
0,1627783.0,00,0.0,65.0,41.0,15.8,2.1,4.1,0.517,0.1,0.4,0.25,0.4,0.7,0.578,1.1,2.4,3.5,0.4,0.5,0.7,0.6,1.9,4.7
0,1627732.0,00,0.0,12.0,12.0,34.1,7.1,14.6,0.486,0.0,0.5,0.0,3.3,5.4,0.6,2.0,7.0,9.0,7.8,1.8,0.8,3.8,2.6,17.4
0,203613.0,00,0.0,146.0,11.0,17.3,2.5,5.5,0.462,0.4,1.2,0.335,1.5,1.9,0.75,0.3,1.7,2.0,1.4,0.6,0.2,1.1,1.9,6.9
0,202713.0,00,0.0,344.0,172.0,22.5,2.4,5.8,0.419,0.9,2.4,0.362,1.0,1.2,0.793,0.9,2.0,3.0,0.8,0.6,0.3,0.8,2.1,6.7
0,203935.0,00,0.0,218.0,73.0,28.5,3.0,8.6,0.354,1.2,4.1,0.291,2.0,2.6,0.759,1.1,2.8,3.8,3.8,1.5,0.3,1.6,2.6,9.3
0,202397.0,00,0.0,416.0,107.0,17.9,2.8,6.8,0.416,0.3,1.0,0.284,0.7,1.0,0.662,0.3,1.9,2.3,3.7,0.7,0.2,1.3,1.1,6.6
0,2747.0,00,0.0,893.0,340.0,27.0,4.6,11.1,0.42,2.0,5.4,0.373,1.6,2.2,0.733,0.5,2.7,3.2,2.2,1.0,0.2,1.4,2.3,12.9
0,201160.0,00,0.0,569.0,103.0,16.9,2.7,5.6,0.471,0.1,0.4,0.353,0.9,1.2,0.779,1.1,2.4,3.5,0.7,0.4,0.7,0.8,2.2,6.4
0,2746.0,00,0.0,894.0,772.0,32.4,5.7,12.6,0.452,0.5,1.8,0.285,2.6,4.2,0.632,1.9,5.5,7.4,3.1,1.2,1.9,2.5,2.8,14.5
0,1628372.0,00,0.0,11.0,11.0,28.4,5.8,14.3,0.408,1.4,4.6,0.294,1.8,3.0,0.606,0.7,3.0,3.7,5.1,0.9,0.3,3.2,1.5,14.8
0,203503.0,00,0.0,305.0,159.0,21.9,2.3,5.4,0.421,1.2,3.0,0.378,0.5,0.6,0.818,0.3,2.2,2.5,1.0,0.5,0.2,0.7,1.4,6.3
0,201578.0,00,0.0,662.0,75.0,15.2,3.1,6.7,0.464,0.2,0.7,0.356,1.4,1.8,0.799,1.4,2.8,4.2,0.6,0.3,0.5,0.9,2.2,7.9
0,203917.0,00,0.0,229.0,63.0,22.5,2.5,6.4,0.386,1.2,3.6,0.343,1.2,1.5,0.808,0.2,1.9,2.2,1.7,0.5,0.3,1.2,1.5,7.4
0,202362.0,00,0.0,371.0,189.0,24.7,3.5,7.7,0.447,0.6,1.9,0.302,1.1,1.6,0.681,0.7,3.5,4.1,3.0,0.7,0.1,1.7,1.9,8.6
0,202933.0,00,0.0,49.0,2.0,7.1,0.5,1.1,0.444,0.1,0.5,0.261,0.3,0.4,0.722,0.2,0.9,1.1,1.1,0.3,0.1,0.4,0.8,1.4
0,1628403.0,00,0.0,8.0,0.0,11.0,1.3,3.9,0.323,0.1,0.5,0.25,0.8,1.0,0.75,1.3,2.1,3.4,0.9,0.4,0.1,0.9,1.8,3.4
0,1628369.0,00,0.0,13.0,13.0,29.8,4.5,8.9,0.5,1.5,2.9,0.5,3.3,4.0,0.827,1.1,4.6,5.7,1.8,0.7,0.8,1.7,2.4,13.7
0,1627819.0,00,0.0,15.0,0.0,14.9,1.7,4.0,0.417,0.1,0.7,0.2,1.1,1.5,0.727,0.1,0.9,1.1,1.9,0.5,0.3,0.8,1.3,4.5
0,201952.0,00,0.0,612.0,477.0,27.1,4.5,10.0,0.446,0.9,2.4,0.356,2.8,3.3,0.843,0.3,2.1,2.4,5.6,1.2,0.3,2.3,1.9,12.6
0,203141.0,00,0.0,324.0,14.0,17.8,2.9,7.1,0.406,1.7,4.5,0.371,0.7,1.0,0.755,0.6,2.6,3.2,0.8,0.3,0.3,0.8,1.7,8.1
0,202066.0,00,0.0,385.0,126.0,18.3,1.8,4.5,0.401,0.7,2.1,0.349,0.8,1.1,0.717,0.4,1.6,2.0,1.6,0.8,0.3,0.9,1.7,5.1
0,1628462.0,00,0.0,2.0,2.0,16.0,2.0,6.0,0.333,1.5,3.5,0.429,0.0,0.0,0.0,0.0,0.5,0.5,4.0,0.0,0.5,1.5,1.5,5.5
0,1891.0,00,0.0,1363.0,675.0,30.3,5.0,11.3,0.444,1.6,4.3,0.38,2.0,2.4,0.845,0.4,2.0,2.4,3.9,1.1,0.2,1.8,1.9,13.7
0,1628464.0,00,0.0,12.0,1.0,13.9,2.0,3.3,0.6,0.2,0.5,0.333,0.9,1.2,0.786,1.7,2.3,4.0,0.4,0.3,0.8,1.3,3.1,5.1
0,202738.0,00,0.0,441.0,309.0,30.0,6.2,13.9,0.443,2.0,5.4,0.367,4.8,5.5,0.876,0.6,2.0,2.6,5.2,1.0,0.1,2.3,2.2,19.1
0,202498.0,00,0.0,282.0,76.0,18.5,2.0,4.8,0.427,0.3,0.8,0.412,1.1,1.4,0.798,0.8,1.8,2.6,0.7,0.4,0.1,0.7,1.7,5.5
0,202691.0,00,0.0,477.0,440.0,32.7,7.1,15.6,0.455,2.9,6.9,0.42,2.0,2.4,0.852,0.4,2.9,3.4,2.3,0.9,0.5,1.7,2.2,19.1
0,202684.0,00,0.0,474.0,321.0,28.6,3.7,7.1,0.515,0.0,0.0,0.0,2.0,3.2,0.61,3.4,5.2,8.6,0.8,0.5,0.8,1.1,2.4,9.3
0,1628414.0,00,0.0,12.0,2.0,13.8,1.6,3.5,0.452,0.3,0.8,0.333,1.2,1.7,0.7,0.6,0.5,1.1,0.7,0.7,0.4,0.9,2.3,4.6
0,201229.0,00,0.0,529.0,78.0,19.9,2.1,5.0,0.413,1.1,3.1,0.36,0.9,1.2,0.764,0.9,2.7,3.5,0.9,0.4,0.3,0.6,1.6,6.2
0,1626157.0,00,0.0,176.0,176.0,34.4,8.6,16.0,0.541,0.8,2.3,0.356,3.6,4.3,0.827,3.2,8.2,11.4,2.2,0.7,1.5,2.4,3.0,21.7
0,200782.0,00,0.0,431.0,290.0,27.9,2.8,6.5,0.431,0.8,2.2,0.35,1.2,1.6,0.751,1.7,4.1,5.7,1.5,1.2,0.3,1.1,2.3,7.6
0,202323.0,00,0.0,546.0,254.0,28.2,4.2,9.8,0.431,0.4,1.4,0.297,1.7,2.1,0.783,0.6,4.4,5.0,3.7,0.8,0.3,1.9,2.1,10.5
0,1626167.0,00,0.0,147.0,116.0,27.7,5.0,10.0,0.504,0.3,1.0,0.338,2.4,3.0,0.783,1.5,5.2,6.6,1.0,0.7,1.9,1.2,3.0,12.8
0,202327.0,00,0.0,283.0,52.0,16.7,1.5,3.4,0.429,0.0,0.0,0.0,0.9,1.3,0.719,1.3,1.8,3.1,0.7,0.5,1.2,0.7,2.1,3.9
0,1627755.0,00,0.0,74.0,16.0,18.8,2.9,7.2,0.406,0.3,1.3,0.24,1.0,1.3,0.787,0.3,1.2,1.5,3.7,0.8,0.1,1.3,1.3,7.2
0,202685.0,00,0.0,370.0,364.0,26.0,4.5,8.1,0.556,0.0,0.0,0.333,2.5,3.2,0.781,2.7,5.8,8.5,0.7,0.4,1.1,1.4,2.9,11.4
0,1627756.0,00,0.0,68.0,1.0,18.6,2.1,5.9,0.357,1.4,4.0,0.357,0.3,0.3,0.81,0.2,2.7,2.9,1.3,0.6,0.1,0.9,1.5,5.9
0,1627832.0,00,0.0,48.0,0.0,9.0,1.1,3.3,0.338,0.3,1.0,0.304,0.5,0.6,0.867,0.1,1.0,1.1,1.1,0.5,0.1,0.5,1.0,3.1
0,1626173.0,00,0.0,117.0,8.0,12.9,1.2,3.8,0.332,0.6,2.0,0.311,0.1,0.2,0.7,0.1,1.1,1.2,0.6,0.4,0.2,0.4,0.9,3.2
0,203943.0,00,0.0,182.0,101.0,15.3,1.5,3.5,0.443,0.1,0.4,0.291,0.7,1.0,0.682,1.4,3.0,4.4,0.4,0.3,0.4,0.7,1.8,3.9
0,202696.0,00,0.0,412.0,351.0,29.9,6.5,13.0,0.503,0.1,0.4,0.335,1.5,2.1,0.72,2.8,7.0,9.8,2.1,0.8,0.9,1.7,2.7,14.7
0,2548.0,00,0.0,927.0,907.0,35.2,8.4,17.3,0.484,0.5,1.6,0.286,5.9,7.6,0.768,1.2,3.5,4.8,5.6,1.6,0.9,3.3,2.3,23.1
0,203079.0,00,0.0,345.0,163.0,28.7,5.1,12.4,0.414,1.2,3.5,0.345,1.9,2.7,0.7,0.4,2.2,2.7,2.7,1.0,0.3,1.9,2.0,13.3
0,202689.0,00,0.0,455.0,410.0,33.9,6.4,15.6,0.412,1.8,5.1,0.351,3.8,4.6,0.83,0.6,3.2,3.8,5.4,1.4,0.4,2.1,1.5,18.5
0,202322.0,00,0.0,511.0,499.0,36.0,6.8,15.8,0.433,0.9,2.7,0.319,4.4,5.5,0.789,0.6,3.8,4.4,9.2,1.7,0.7,3.8,2.3,18.9
0,1628476.0,00,0.0,1.0,0.0,1.1,0.0,0.0,0.0,0.0,0.0,0.0,0.0,0.0,0.0,0.0,1.0,1.0,0.0,0.0,0.0,0.0,0.0,0.0
0,203933.0,00,0.0,167.0,78.0,24.8,5.0,10.1,0.502,0.4,1.2,0.293,1.3,1.8,0.745,1.5,2.4,3.9,0.9,0.8,0.5,0.8,2.1,11.8
0,1627362.0,00,0.0,27.0,4.0,13.8,1.4,3.7,0.394,0.0,0.6,0.067,0.5,0.7,0.7,0.6,1.3,1.9,1.6,0.8,0.1,0.6,1.0,3.4
0,2561.0,00,0.0,973.0,742.0,29.1,5.7,11.5,0.493,0.1,0.2,0.27,2.6,3.2,0.818,1.8,4.8,6.6,2.2,0.7,0.8,1.6,2.4,14.0
0,201566.0,00,0.0,680.0,663.0,34.1,7.8,18.1,0.433,1.1,3.4,0.313,5.9,7.2,0.82,1.7,4.6,6.3,8.0,1.7,0.3,3.9,2.4,22.6
0,1628401.0,00,0.0,4.0,0.0,5.2,0.0,0.5,0.0,0.0,0.0,0.0,0.3,1.0,0.25,0.5,1.0,1.5,0.5,0.3,0.3,0.0,0.3,0.3
0,1627855.0,00,0.0,41.0,4.0,13.4,1.0,2.5,0.388,0.4,1.1,0.356,0.5,0.6,0.88,0.7,1.6,2.3,0.6,0.3,0.3,0.5,1.4,2.9
0,1627785.0,00,0.0,76.0,26.0,22.1,2.8,6.9,0.4,0.6,2.0,0.298,1.2,1.5,0.795,0.4,2.1,2.5,2.6,0.6,0.5,1.9,2.3,7.3
0,202355.0,00,0.0,224.0,159.0,27.2,5.6,9.6,0.583,0.0,0.0,1.0,2.4,3.9,0.613,3.2,8.3,11.5,0.4,0.6,2.6,1.6,2.6,13.6
0,203952.0,00,0.0,257.0,257.0,36.1,7.4,16.3,0.45,0.8,2.6,0.329,4.8,6.4,0.754,1.4,2.7,4.1,2.1,1.0,0.5,2.2,2.2,20.4
0,203912.0,00,0.0,66.0,0.0,5.7,0.8,2.0,0.37,0.3,0.9,0.333,0.2,0.2,0.813,0.1,0.4,0.5,0.5,0.2,0.1,0.3,0.5,2.0
0,1628451.0,00,0.0,5.0,0.0,6.5,0.2,0.8,0.25,0.2,0.4,0.5,0.2,0.4,0.5,0.4,1.8,2.2,0.4,0.2,0.0,0.0,0.8,0.8
0,2863.0,00,0.0,571.0,149.0,19.1,2.3,5.5,0.427,0.4,1.1,0.327,1.2,1.6,0.783,0.8,1.6,2.4,1.4,0.8,0.2,0.9,1.6,6.3
0,1626210.0,00,0.0,57.0,0.0,13.6,2.6,5.1,0.509,0.0,0.0,0.0,1.4,2.2,0.627,1.9,3.9,5.8,0.5,0.5,0.6,0.8,2.5,6.6
0,203710.0,00,0.0,1.0,0.0,,0.0,0.0,0.0,0.0,0.0,0.0,0.0,0.0,0.0,0.0,0.0,0.0,0.0,0.0,0.0,0.0,0.0,0.0
0,101150.0,00,0.0,794.0,90.0,23.6,4.1,9.8,0.418,1.2,3.5,0.346,3.4,4.1,0.828,0.4,1.7,2.1,2.9,0.9,0.2,1.5,1.4,12.9
0,101107.0,00,0.0,873.0,686.0,28.9,3.8,8.6,0.444,0.8,2.4,0.354,2.1,2.6,0.807,1.3,4.0,5.3,1.3,0.8,0.5,1.0,2.1,10.6
0,1627786.0,00,0.0,32.0,16.0,17.6,2.3,5.4,0.431,0.6,2.0,0.277,0.7,1.0,0.636,0.5,1.8,2.3,0.8,0.8,0.3,1.0,1.9,5.9
0,1628391.0,00,0.0,4.0,0.0,3.7,0.5,1.0,0.5,0.0,0.3,0.0,0.0,0.0,0.0,0.0,0.5,0.5,0.0,0.0,0.0,0.0,0.3,1.0
0,1626159.0,00,0.0,108.0,27.0,29.1,2.9,7.1,0.405,0.4,1.5,0.262,1.1,1.6,0.659,1.1,4.1,5.2,1.9,1.0,0.3,1.3,2.4,7.2
0,203481.0,00,0.0,202.0,15.0,10.2,1.2,2.3,0.527,0.0,0.0,0.2,0.8,1.1,0.716,0.9,1.6,2.5,0.3,0.3,0.8,0.4,1.1,3.3
0,203489.0,00,0.0,79.0,31.0,19.7,2.4,5.6,0.426,0.2,0.9,0.261,0.8,1.2,0.635,0.5,1.8,2.3,2.6,0.5,0.2,0.9,1.1,5.8
0,201148.0,00,0.0,412.0,61.0,16.4,3.0,4.9,0.608,0.0,0.0,0.0,1.0,1.5,0.676,1.4,2.3,3.7,0.5,0.5,1.0,0.5,1.3,7.1
0,1626153.0,00,0.0,65.0,1.0,14.1,1.7,3.9,0.443,0.4,1.1,0.324,1.4,1.8,0.8,0.5,1.3,1.8,1.8,0.7,0.3,0.9,0.9,5.2
0,1627824.0,00,0.0,6.0,0.0,4.1,0.8,1.8,0.455,0.3,1.0,0.333,0.3,0.3,1.0,0.8,0.7,1.5,0.2,0.0,0.0,0.3,0.8,2.3
0,1626202.0,00,0.0,82.0,0.0,6.9,1.2,3.2,0.37,0.2,0.9,0.211,0.4,0.6,0.745,0.1,0.8,0.9,1.0,0.2,0.0,0.5,0.5,3.0
0,201156.0,00,0.0,648.0,193.0,23.4,4.2,10.0,0.419,1.4,3.8,0.377,2.0,2.4,0.834,0.4,1.7,2.0,1.0,0.6,0.2,1.0,1.9,11.9
0,201152.0,00,0.0,752.0,522.0,30.6,5.9,11.7,0.5,0.4,1.3,0.33,1.5,2.2,0.68,2.0,3.9,5.9,1.5,1.4,0.4,1.4,2.2,13.6
0,203469.0,00,0.0,287.0,166.0,22.8,3.0,5.9,0.499,0.0,0.0,0.154,2.1,2.9,0.73,1.8,3.9,5.7,1.3,0.7,0.8,1.0,2.6,8.0
0,203092.0,00,0.0,346.0,131.0,17.8,2.8,5.6,0.502,0.0,0.0,0.0,1.4,1.8,0.764,1.5,2.8,4.4,0.9,0.3,0.6,0.9,2.2,7.0
0,1627835.0,00,0.0,54.0,25.0,19.3,2.0,5.1,0.383,0.7,2.2,0.322,0.6,0.8,0.762,0.3,2.7,3.1,0.9,0.4,0.3,1.0,1.7,5.2
0,1627790.0,00,0.0,5.0,0.0,4.3,0.4,1.0,0.4,0.0,0.0,0.0,0.6,1.0,0.6,0.6,0.8,1.4,0.0,0.0,0.8,0.2,0.6,1.4
0,1627826.0,00,0.0,40.0,11.0,15.4,3.2,6.1,0.525,0.0,0.1,0.0,0.8,1.2,0.653,1.1,3.0,4.1,0.8,0.4,0.8,0.8,1.7,7.2
